id_ech;id_site;id_typo;nom_ech;referent;type_metal;bibreference;bibreference2;commentaire
6844;1809;24;09004_1_M1;62;Fe;;;
6845;1809;24;09004_1_M2;62;Fe;;;
6846;1809;24;09004_1_M3;62;Fe;;;
6847;1808;5;09023_2_S1;62;Fe;;;
6848;1808;5;09023_2_S2;62;Fe;;;
6849;1808;5;09023_2_S3;62;Fe;;;
6850;1808;5;09023_2_S4;62;Fe;;;
6851;1808;5;09023_2_S5;62;Fe;;;
6852;1807;24;09029_3_M1;62;Fe;;;
6853;1806;24;09096_1_M1;62;Fe;;;
6854;1806;24;09096_1_M2;62;Fe;;;
6855;1806;24;09096_1_M3;62;Fe;;;
6856;1805;24;09136_1_M1;62;Fe;;;
6857;1805;24;09136_1_M2;62;Fe;;;
6858;1805;24;09136_1_M3;62;Fe;;;
6859;1773;24;09136_3_M1;62;Fe;;;
6860;1773;5;09136_3_S1;62;Fe;;;
6861;1773;5;09136_3_S2;62;Fe;;;
6862;1773;5;09136_3_S3;62;Fe;;;
6863;1773;5;09136_3_S4;62;Fe;;;
6864;1773;5;09136_3_S5;62;Fe;;;
6865;1774;24;09155_5_M1;62;Fe;;;
6866;1774;24;09155_5_M2;62;Fe;;;
6867;1774;24;09155_5_M3;62;Fe;;;
6868;1775;5;09162_2_S1;62;Fe;;;
6869;1775;5;09162_2_S2;62;Fe;;;
6870;1775;5;09162_2_S3;62;Fe;;;
6871;1775;5;09162_2_S4;62;Fe;;;
6872;1775;5;09162_2_S5;62;Fe;;;
6873;1776;24;09182_11_M1;62;Fe;;;
6874;1776;24;09182_11_M2;62;Fe;;;
6875;1777;24;09182_2_M1;62;Fe;;;
6876;1778;24;09192_1_M1;62;Fe;;;
6877;1778;24;09192_1_M2;62;Fe;;;
6878;1778;24;09192_1_M3;62;Fe;;;
6879;1779;24;09192_10_M1;62;Fe;;;
6880;1779;24;09192_10_M2;62;Fe;;;
6881;1779;24;09192_10_M3;62;Fe;;;
6882;1780;24;09192_2_M1;62;Fe;;;
6883;1781;5;09223_1_S1;62;Fe;;;
6884;1781;5;09223_1_S3;62;Fe;;;
6885;1781;5;09223_1_S4;62;Fe;;;
6886;1781;5;09223_1_S5;62;Fe;;;
6887;1782;26;09241_1_M1;68;Fe;;;
6888;1782;5;09241_1_S1;68;Fe;;;
6889;1782;5;09241_1_S2;68;Fe;;;
6890;1782;5;09241_1_S3;68;Fe;;;
6891;1782;5;09241_1_S4;68;Fe;;;
6892;1782;5;09241_1_S5;68;Fe;;;
6893;1782;5;09241_1_S6;68;Fe;;;
6894;1782;5;09241_1_S7;68;Fe;;;
6895;1782;5;09241_1_S8;68;Fe;;;
6896;1783;5;09241_3_S2;62;Fe;;;
6897;1783;5;09241_3_S3;62;Fe;;;
6898;1783;5;09241_3_S4;62;Fe;;;
6899;1783;5;09241_3_S5;62;Fe;;;
6900;1784;5;09247_1_S1;62;Fe;;;
6901;1784;5;09247_1_S2;62;Fe;;;
6902;1784;5;09247_1_S3;62;Fe;;;
6903;1784;5;09247_1_S4;62;Fe;;;
6904;1784;5;09247_1_S5;62;Fe;;;
6905;1785;24;09247_5_M1;62;Fe;;;
6906;1785;24;09247_5_M2;62;Fe;;;
6907;1785;24;09247_5_M3;62;Fe;;;
6908;1810;24;09280_2_M1;62;Fe;;;
6909;1786;5;09283_1_SC1;68;Fe;;;
6910;1788;5;09283_1_SC10;68;Fe;;;
6911;1786;5;09283_1_SC2;68;Fe;;;
6912;1786;5;09283_1_SC3;68;Fe;;;
6913;1787;5;09283_1_SC4;68;Fe;;;
6914;1787;5;09283_1_SC5;68;Fe;;;
6915;1787;5;09283_1_SC6;68;Fe;;;
6916;1788;5;09283_1_SC7;68;Fe;;;
6917;1788;5;09283_1_SC8;68;Fe;;;
6918;1788;5;09283_1_SC9;68;Fe;;;
6919;1789;5;09299_1_S1;62;Fe;;;
6920;1789;5;09299_1_S2;62;Fe;;;
6921;1789;5;09299_1_S3;62;Fe;;;
6922;1790;5;09299_2_S1;62;Fe;;;
6923;1790;5;09299_2_S2;62;Fe;;;
6924;1791;26;09322_1_M1;68;Fe;;;
6925;1791;5;09322_1_S1;68;Fe;;;
6926;1791;5;09322_1_S2;68;Fe;;;
6927;1791;5;09322_1_S3;68;Fe;;;
6928;1792;5;66079_2_SC1;68;Fe;;;
6929;1792;5;66079_2_SC2;68;Fe;;;
6930;1792;5;66079_2_SC3;68;Fe;;;
6931;1793;5;66079_3_SC1;68;Fe;;;
6932;1793;5;66079_3_SC2;68;Fe;;;
6933;1793;5;66079_3_SC3;68;Fe;;;
6934;1793;5;66079_3_SC4;68;Fe;;;
6935;1793;5;66079_3_SC5;68;Fe;;;
6936;1794;5;66079_4_SC1;68;Fe;;;
6937;1794;5;66079_4_SC2;68;Fe;;;
6938;1794;5;66079_4_SC3;68;Fe;;;
6939;1795;5;66079_6_SC1;68;Fe;;;
6940;1795;5;66079_6_SC2;68;Fe;;;
6941;1795;5;66079_6_SC3;68;Fe;;;
6942;1796;5;66146_3_SC1;68;Fe;;;
6943;1796;5;66146_3_SC2;68;Fe;;;
6944;1796;5;66146_3_SC3;68;Fe;;;
6945;1796;5;66146_3_SC4;68;Fe;;;
6946;1796;5;66146_3_SC5;68;Fe;;;
6947;1797;5;66146_4_SC1;68;Fe;;;
6948;1797;5;66146_4_SC2;68;Fe;;;
6949;1797;5;66146_4_SC3;68;Fe;;;
6950;1798;5;66147_1_SC1;68;Fe;;;
6951;1798;5;66147_1_SC2;68;Fe;;;
6952;1798;5;66147_1_SC3;68;Fe;;;
6953;1799;5;66147_2_SC1;68;Fe;;;
6954;1799;5;66147_2_SC2;68;Fe;;;
6955;1799;5;66147_2_SC3;68;Fe;;;
6956;1800;5;66221_16_SC1;68;Fe;;;
6957;1800;5;66221_16_SC2;68;Fe;;;
6958;1800;5;66221_16_SC3;68;Fe;;;
6959;1800;5;66221_16_SC4;68;Fe;;;
6960;1800;5;66221_16_SC5;68;Fe;;;
6961;1801;5;66221_28_SC1;68;Fe;;;
6962;1801;5;66221_28_SC2;68;Fe;;;
6963;1802;5;66221_36_SC1;68;Fe;;;
6964;1802;5;66221_36_SC2;68;Fe;;;
6965;1802;5;66221_36_SC3;68;Fe;;;
6966;1802;5;66221_36_SC4;68;Fe;;;
6967;1803;5;66221_54_SC1;68;Fe;;;
6968;1803;5;66221_54_SC2;68;Fe;;;
6969;1804;5;PAÏR_1;62;Fe;;;
6970;1804;5;PAÏR_2;62;Fe;;;
6971;1804;5;PAÏR_3;62;Fe;;;
6972;1804;5;PAÏR_4;62;Fe;;;
6973;1804;5;PAÏR_5;62;Fe;;;
6974;1847;5;SAY-S-2.05;104;Fe;;;
6975;1847;5;SAY-S-2.01;104;Fe;;;
6976;1847;5;SAY-S-3-01;104;Fe;;;
6977;1847;5;SAY-S-3-02;104;Fe;;;
6978;1847;5;SAY-S-3-03;104;Fe;;;
6979;1847;5;SAY-S-2.12;104;Fe;;;
6980;1847;5;SAY-S-1.02-01;104;Fe;;;
6981;1847;5;SAY-S-1.02-02;104;Fe;;;
6982;53;5;OZO-S-01;104;Fe;;;
6983;53;5;OZO-S-02;104;Fe;;;
6984;53;5;OZO-S-03;104;Fe;;;
6985;53;5;OZO-S-04;104;Fe;;;
6986;53;5;OZO-S-05;104;Fe;;;
6987;53;5;OZO-S-06;104;Fe;;;
6988;53;5;OZO-S-07;104;Fe;;;
6989;53;5;OZO-S-08;104;Fe;;;
6990;1840;5;PGB55_prosp_1;104;Fe;;;
6991;1840;5;PGB55_prosp_2;104;Fe;;;
6992;1840;5;PGB55_prosp_3;104;Fe;;;
6993;1840;5;PGB55_prosp_4;104;Fe;;;
6994;1840;5;PGB55_prosp_5;104;Fe;;;
6995;1840;5;PGB55_prosp_6;104;Fe;;;
6996;1840;5;PGB55_prosp_7;104;Fe;;;
6997;1840;5;PGB55_prosp_8;104;Fe;;;
6998;1850;5;PGB55_1;104;Fe;;;
6999;1850;5;PGB55_2;104;Fe;;;
7000;1827;5;PGB13_1;104;Fe;;;
7001;1827;5;PGB13_2;104;Fe;;;
7002;1837;5;PGB26_1;104;Fe;;;
7003;1837;5;PGB26_2;104;Fe;;;
7004;74;5;FL06-01;104;Fe;;;
7005;74;5;FL06-02;104;Fe;;;
7006;74;5;FL06-03;104;Fe;;;
7007;74;5;FL06-04;104;Fe;;;
7008;74;5;FL06-05;104;Fe;;;
7009;74;5;FL06-06;104;Fe;;;
7010;74;5;FL06-07;104;Fe;;;
7011;74;5;FL06-08;104;Fe;;;
7012;74;5;FL06-09;104;Fe;;;
7013;74;5;FL06-10;104;Fe;;;
7014;74;5;FL06-12;104;Fe;;;
7015;1833;5;PGB27_1;104;Fe;;;
7016;1833;5;PGB27_2;104;Fe;;;
7017;1833;5;PGB27_3;104;Fe;;;
7018;1816;5;CHA-S-M9-01;104;Fe;;;
7019;1816;5;CHA-S-M9-02;104;Fe;;;
7020;1816;5;CHA-S-M9-03;104;Fe;;;
7021;1816;5;CHA-S-M9-04;104;Fe;;;
7022;1816;5;CHA-S-M9-05;104;Fe;;;
7023;1816;5;CHA-S-M9-06;104;Fe;;;
7024;1816;5;CHA-S-M9-07;104;Fe;;;
7025;1816;5;CHA-S-M9-08;104;Fe;;;
7026;1816;5;CHA-S-M9-09;104;Fe;;;
7027;1817;5;CHA-S-M2A-01;104;Fe;;;
7028;1817;5;CHA-S-M2A-02;104;Fe;;;
7029;1817;5;CHA-S-M2A-03;104;Fe;;;
7030;1830;5;PGB31_1;104;Fe;;;
7031;1830;5;PGB31_2;104;Fe;;;
7032;1830;5;PGB31_3;104;Fe;;;
7033;1852;5;PGB53_1;104;Fe;;;
7034;1852;5;PGB53_2;104;Fe;;;
7035;1851;5;PGB52_1;104;Fe;;;
7036;1851;5;PGB52_2;104;Fe;;;
7037;1832;5;PGB85_1;104;Fe;;;
7038;117;5;ROI-S-FS-01;104;Fe;;;
7039;117;5;ROI-S-FS-02;104;Fe;;;
7040;117;5;ROI-S-FS-03;104;Fe;;;
7041;117;5;ROI-S-FS-04;104;Fe;;;
7042;117;5;ROI-S-FS-05;104;Fe;;;
7043;117;5;ROI-S-FS-06;104;Fe;;;
7044;117;5;ROI-S-FS-07;104;Fe;;;
7045;117;5;ROI-S-FS-08;104;Fe;;;
7046;1812;5;PGB74_1;104;Fe;;;
7047;1812;5;PGB74_2;104;Fe;;;
7048;1812;5;PGB74_3;104;Fe;;;
7049;1826;5;V53-1;104;Fe;;;
7050;1826;5;V897-1;104;Fe;;;
7051;1826;5;V897-2;104;Fe;;;
7052;1826;5;V913-2;104;Fe;;;
7053;1825;5;EPER-S-01;104;Fe;;;
7054;1825;5;EPER-S-02;104;Fe;;;
7055;1825;5;EPER-S-03;104;Fe;;;
7056;1825;5;EPER-S-04;104;Fe;;;
7057;1825;5;EPER-S-05;104;Fe;;;
7058;1836;5;PGB23_1;104;Fe;;;
7059;1836;5;PGB23_2;104;Fe;;;
7060;1841;5;PGB32_1;104;Fe;;;
7061;1841;5;PGB32_2;104;Fe;;;
7062;1841;5;PGB32_3;104;Fe;;;
7063;1835;5;PGB24_1;104;Fe;;;
7064;1834;5;LONG-S-2708;104;Fe;;;
7065;1834;5;LONG-S-2701;104;Fe;;;
7066;1834;5;LONG-S-2703;104;Fe;;;
7067;1834;5;LONG-S-2704-01;104;Fe;;;
7068;1834;5;LONG-S-2704-02;104;Fe;;;
7069;1834;5;LONG-S-2704-03;104;Fe;;;
7070;1834;5;LONG-S-2704-04;104;Fe;;;
7071;1834;5;LONG-S-2101;104;Fe;;;
7072;1820;5;PGB18_prosp_1;104;Fe;;;
7073;1820;5;PGB18_prosp_2;104;Fe;;;
7074;1820;5;PGB18_prosp_3;104;Fe;;;
7075;1820;5;PGB18_prosp_4;104;Fe;;;
7076;1820;5;PGB18_prosp_5;104;Fe;;;
7077;1831;5;PGBXX_1 ou PGB82_1;104;Fe;;;
7078;1858;5;ZIZ-S-01;104;Fe;;;
7079;1858;5;ZIZ-S-02;104;Fe;;;
7080;1858;5;ZIZ-S-03;104;Fe;;;
7081;1858;5;ZIZ-S-04;104;Fe;;;
7082;1858;5;ZIZ-S-05;104;Fe;;;
7083;1858;5;ZIZ-S-06;104;Fe;;;
7084;1858;5;ZIZ-S-07;104;Fe;;;
7085;1858;5;ZIZ-S-08;104;Fe;;;
7086;1829;5;PGB11_1;104;Fe;;;
7087;1829;5;PGB11_2;104;Fe;;;
7088;1829;5;PGB11_3;104;Fe;;;
7089;1829;5;PGB11_4;104;Fe;;;
7090;1844;5;PGB34_1;104;Fe;;;
7091;1844;5;PGB34_2;104;Fe;;;
7092;1855;5;THI-S-01;104;Fe;;;
7093;1855;5;THI-S-02;104;Fe;;;
7094;1855;5;THI-S-03;104;Fe;;;
7095;1855;5;THI-S-04;104;Fe;;;
7096;1855;5;THI-S-05;104;Fe;;;
7097;1855;5;THI-S-06;104;Fe;;;
7098;1855;5;THI-S-07;104;Fe;;;
7099;1855;5;THI-S-08;104;Fe;;;
7100;1855;5;THI-S-09;104;Fe;;;
7101;1849;5;SCD-S-16.36;104;Fe;;;
7102;1849;5;SCD-S-5.01;104;Fe;;;
7103;1849;5;SCD-S-18.01;104;Fe;;;
7104;1849;5;SCD-S-15.02;104;Fe;;;
7105;1849;5;SCD-S-17.15;104;Fe;;;
7106;1849;5;SCD-S-13.05;104;Fe;;;
7107;1849;5;SCD-S-16.31;104;Fe;;;
7108;1849;5;SCD-S-13.05sd;104;Fe;;;
7109;1839;5;PGB28_1;104;Fe;;;
7110;1857;5;PGB69_prosp_1;104;Fe;;;
7111;1857;5;PGB69_prosp_2;104;Fe;;;
7112;1857;5;PGB69_prosp_3;104;Fe;;;
7113;1857;5;PGB69_prosp_4;104;Fe;;;
7114;1857;5;PGB69_prosp_5;104;Fe;;;
7115;1857;5;PGB69_prosp_6;104;Fe;;;
7116;1857;5;PGB69_prosp_7;104;Fe;;;
7117;1857;5;PGB69_prosp_8;104;Fe;;;
7118;1846;5;ROI-S-23/21;104;Fe;;;
7119;1846;5;ROI-S-23.33;104;Fe;;;
7120;1846;5;ROI-S-25;104;Fe;;;
7121;1846;5;ROI-S-103-01;104;Fe;;;
7122;1846;5;ROI-S-103-02;104;Fe;;;
7123;1846;5;ROI-S-103.50;104;Fe;;;
7124;1846;5;ROI-S-23.100;104;Fe;;;
7125;1846;5;ROI-S-103sud;104;Fe;;;
7126;1322;1;2334;104;Fe;;;
7127;1322;1;2336;104;Fe;;;
7128;1322;1;2335;104;Fe;;;
7129;1322;1;2337;104;Fe;;;
7130;1322;1;2340;104;Fe;;;
7131;1322;1;1671;104;Fe;;;
7132;1322;1;1672;104;Fe;;;
7133;1322;1;1673;104;Fe;;;
7134;1322;1;1674;104;Fe;;;
7135;1322;1;1668;104;Fe;;;
7136;1322;1;1669;104;Fe;;;
7137;1322;1;1670;104;Fe;;;
7138;1322;1;1681;104;Fe;;;
7139;1322;1;1683;104;Fe;;;
7140;1322;1;1685;104;Fe;;;
7141;1322;1;1686;104;Fe;;;
7142;1322;1;2338;104;Fe;;;
7143;153;5;ROI-S-LGC-01;104;Fe;;;
7144;153;5;ROI-S-LGC-02;104;Fe;;;
7145;153;5;ROI-S-LGC-03;104;Fe;;;
7146;153;5;ROI-S-LGC-04;104;Fe;;;
7147;153;5;ROI-S-LGC-05;104;Fe;;;
7148;1824;5;HER-S-01;104;Fe;;;
7149;1824;5;HER-S-1.4-01;104;Fe;;;
7150;1824;5;HER-S-1.4-02;104;Fe;;;
7151;1824;5;HER-S-02;104;Fe;;;
7152;1824;5;HER-S-03;104;Fe;;;
7153;1824;5;HER-S-05;104;Fe;;;
7154;1824;5;HER-S-06;104;Fe;;;
7155;1824;5;HER-S-2234;104;Fe;;;
7156;1828;5;PGB10_1;104;Fe;;;
7157;1813;5;PGB73_1;104;Fe;;;
7158;1813;5;PGB73_2;104;Fe;;;
7159;1813;5;PGB73_3;104;Fe;;;
7160;166;5;SMB-S-2.26-01;104;Fe;;;
7161;166;5;SMB-S-2.26-02;104;Fe;;;
7162;166;5;SMB-S-2.26-03;104;Fe;;;
7163;166;5;SMB-S-2.02-01;104;Fe;;;
7164;166;5;SMB-S-2.02-02;104;Fe;;;
7165;166;5;SMB-S-1.69;104;Fe;;;
7166;166;5;SMB-S-129;104;Fe;;;
7167;166;5;SMB-S-2.37;104;Fe;;;
7168;1854;5;PGB63_1;104;Fe;;;
7169;1854;5;PGB63_2;104;Fe;;;
7170;1854;5;PGB63_3;104;Fe;;;
7171;1854;5;PGB63_4;104;Fe;;;
7172;1848;5;AUB-S-3050-01;104;Fe;;;
7173;1848;5;AUB-S-3050-02;104;Fe;;;
7174;1848;5;AUB-S-3050-03;104;Fe;;;
7175;1848;5;AUB-S-3050-04;104;Fe;;;
7176;1848;5;AUB-S-3016;104;Fe;;;
7177;1815;5;PGB8_1;104;Fe;;;
7178;1815;5;PGB8_2;104;Fe;;;
7179;1815;5;PGB8_3;104;Fe;;;
7180;1838;5;PGB30_1;104;Fe;;;
7181;1838;5;PGB30_2;104;Fe;;;
7182;1838;5;PGB30_3;104;Fe;;;
7183;1822;5;PGB21_1;104;Fe;;;
7184;1822;5;PGB75_1;104;Fe;;;
7185;1821;5;PGB20_1;104;Fe;;;
7186;1821;5;PGB20_2;104;Fe;;;
7187;1821;5;PGB20_3;104;Fe;;;
7188;1843;5;PGB37_1;104;Fe;;;
7189;193;5;105-GR02;104;Fe;;;
7190;193;5;105-GR03;104;Fe;;;
7191;193;5;105-GR05;104;Fe;;;
7192;193;5;105-GR07;104;Fe;;;
7193;193;5;11-Pro02;104;Fe;;;
7194;193;5;10-GR01;104;Fe;;;
7195;193;5;135-GR01;104;Fe;;;
7196;193;5;153-GR01;104;Fe;;;
7197;1814;5;PGB7_1;104;Fe;;;
7198;204;9;SAC-S-2602-01;104;Fe;;;
7199;204;9;SAC-S-2602-02;104;Fe;;;
7200;204;9;SAC-S-2602-03;104;Fe;;;
7201;204;9;SAC-S-2602-04;104;Fe;;;
7202;204;9;SAC-S-2602-05;104;Fe;;;
7203;204;9;SAC-S-2602-06;104;Fe;;;
7204;204;9;SAC-S-2602-07;104;Fe;;;
7205;204;9;SAC-S-2103;104;Fe;;;
7206;1845;5;PGB44_1;104;Fe;;;
7207;1845;5;PGB44_2;104;Fe;;;
7208;1845;5;PGB44_3;104;Fe;;;
7209;1845;5;PGB44_4;104;Fe;;;
7210;1845;5;PGB44_5;104;Fe;;;
7211;1845;5;PGB58_1;104;Fe;;;
7212;1845;5;PGB58_2;104;Fe;;;
7213;1845;5;PGB58_3;104;Fe;;;
7214;1845;5;PGB58_4;104;Fe;;;
7215;1842;5;PGB33_1;104;Fe;;;
7216;1842;5;PGB33_2;104;Fe;;;
7217;1856;5;PGB70_prosp_1;104;Fe;;;
7218;1856;5;PGB70_prosp_2;104;Fe;;;
7219;1856;5;PGB70_prosp_3;104;Fe;;;
7220;1856;5;PGB70_prosp_4;104;Fe;;;
7221;1856;5;PGB70_prosp_5;104;Fe;;;
7222;1856;5;PGB70_prosp_6;104;Fe;;;
7223;1856;5;PGB70_prosp_7;104;Fe;;;
7224;1856;5;PGB70_prosp_8;104;Fe;;;
7225;205;5;BUL-S-F11-01;104;Fe;;;
7226;205;5;BUL-S-F11-02;104;Fe;;;
7227;205;5;BUL-S-F11-03;104;Fe;;;
7228;205;5;BUL-S-F11-04;104;Fe;;;
7229;205;5;BUL-S-F20-01;104;Fe;;;
7230;1823;5;DOU-S-00;104;Fe;;;
7231;1823;5;DOU-S-02;104;Fe;;;
7232;1823;5;DOU-S-03;104;Fe;;;
7233;1823;5;DOU-S-05;104;Fe;;;
7234;1823;5;DOU-S-06;104;Fe;;;
7235;1823;5;DOU-S-08;104;Fe;;;
7236;1823;5;DOU-S-16;104;Fe;;;
7237;1823;5;DOU-S-20;104;Fe;;;
7238;1818;5;CHE-S-101-01;104;Fe;;;
7239;1818;5;CHE-S-101-02;104;Fe;;;
7240;1819;5;CHE-S-403-01;104;Fe;;;
7241;1819;5;CHE-S-403-02;104;Fe;;;
7242;1819;5;CHE-S-403-03;104;Fe;;;
7243;1819;5;CHE-S-403-04;104;Fe;;;
7244;1819;5;CHE-S-403-05;104;Fe;;;
7245;1819;5;CHE-S-403-06;104;Fe;;;
7246;239;5;REAU-S-4211-01;104;Fe;;;
7247;239;5;REAU-S-4211-02;104;Fe;;;
7248;239;5;REAU-S-4211-03;104;Fe;;;
7249;239;5;REAU-S-4211-04;104;Fe;;;
7250;239;5;REAU-S-4216-01;104;Fe;;;
7251;239;5;REAU-S-4216-02;104;Fe;;;
7252;239;5;REAU-S-4572-01;104;Fe;;;
7253;239;5;REAU-S-4572-02;104;Fe;;;
