id_chips,id_ech,id_machinem,id_machinet,o,na,mg,al,si,p,s,cl,k,ca,mn,fe,perte_feu,arsenic,ba,be,bi,cd,ce,co,cr,cs,cu,dy,er,eu,ga,gd,ge,hf,ho,indium,la,lu,mo,nb,nd,ni,pb,pd,pr,rb,sb,sc,sm,sn,sr,ta,tb,th,ti,tm,u,v,w,y,yb,zn,zr,os187_os188,open,delta57fe,delta56fe,id_machinei,n_crpg,bibreference,os187_os186,os_ppt,ag,sr87_sr86,li,tl,ru,re,se,te,carbon,h,he,b,n,f,ar,br,kr,tc,rh,i,xe,ir,pt,au,hg
6733,6691,39,40,,1.802817,0.74169,5.98109,34.008024,0.074188,0.017,0,3.129477,1.528062,0.12392,2.951607405,,13,374,,,,43.2,9,34,4.2,16,,,0.89,,,,3.4,,,23.1,0.32,-0.001,8,17.6,-0.001,15,,,133,2.7,10,3.6,,144,,0.6,6.9,0.257742,,1.3,81,,20,2,49,135,,true,,,,,,,,,,,,,,,,,,,,,,,,,,,,,,,,
6734,6692,39,40,,0.957051,0.59094,5.71644,30.867096,0.157104,0.017,0,3.121176,5.394848,0.10843,2.979584726,,10,406,,,,50.4,5,40,4,20,,,1.04,,,,3.8,,,28.6,0.34,-0.001,7,23.6,25,124,,,124,1.5,7,4.8,,226,,0.6,9,0.20979,,1.7,59,,19,2.4,29,122,,true,,,,,,,,,,,,,,,,,,,,,,,,,,,,,,,,
6735,6693,39,40,,2.15151,0.75375,6.341014,33.507906,0.082916,0.023,0,3.204186,1.21958,0.209115,3.105482672,,16,409,,,,55.1,8,42,5,27,,,1.05,,,,4.7,,,27.5,0.39,-0.001,11,22.2,-0.001,8,,,137,2.3,9,4.6,,149,,0.7,8.6,0.317682,,1.9,84,,24,2.5,30,182,,true,,,,,,,,,,,,,,,,,,,,,,,,,,,,,,,,
6736,6694,39,40,,1.550571,0.72963,6.833263,33.311598,0.069824,0.011,0,3.004962,1.226754,0.13941,3.804915707,,23,395,,,,57.7,11,51,4.9,27,,,1.11,,,,4.9,,,30.7,0.38,-0.001,11,24,27,21,,,143,4.5,10,4.9,,142,,0.7,9.5,0.311688,,1.7,90,,24,2.4,54,194,,true,,,,,,,,,,,,,,,,,,,,,,,,,,,,,,,,
6737,6695,39,40,,1.417029,1.7487,8.929291,30.390348,0.074188,0.018,0,2.291076,1.850892,0.147155,4.672212669,,20,390,,,,56.1,15,33,7.7,36,,,1.52,,,,5.3,,,29.4,0.55,-0.001,13,26.1,-0.001,8,,,113,1.9,20,5.8,,172,,1,8.5,0.467532,,2.3,117,,33,3.5,34,212,,true,,,,,,,,,,,,,,,,,,,,,,,,,,,,,,,,
6738,6696,39,40,,1.543152,0.83214,7.023811,32.012226,0.078552,0.006,0,3.278895,1.355886,0.18588,5.728356551,,11,472,,,,41.4,7,20,5.3,17,,,0.78,,,,5.6,,,19.5,0.43,-0.001,10,15.4,14,135,,,135,3.7,11,3.4,,147,,0.5,9.2,0.377622,,2.2,81,,18,2.7,54,193,,true,,,,,,,,,,,,,,,,,,,,,,,,,,,,,,,,
6739,6697,39,40,,1.743465,0.75375,6.24574,29.684574,0.144012,0.023,0,3.478119,1.929806,0.379505,9.064652125,,16,512,,,,45.2,52,30,6.9,13,,,0.95,,,,4.1,,,23.2,0.42,2,8,17.5,12,139,,,139,2.2,10,3.7,,142,,0.6,7,0.305694,,2.3,89,,22,2.5,25,122,,true,,,,,,,,,,,,,,,,,,,,,,,,,,,,,,,,
6740,6698,39,40,,0.415464,0.1809,1.609072,13.208724,0.235656,4.35,0,3.195885,0.738922,0.01549,28.83062967,,83,182,,,,7.6,34,-0.001,0.8,13,,,0.22,,,,0.8,,,4.5,0.07,21,2,3.3,101,5,,,36,1.4,3,0.7,,240,,0.1,1.5,0.071928,,0.6,43,,4,0.4,-0.001,32,,true,,,,,,,,,,,,,,,,,,,,,,,,,,,,,,,,
6741,6699,39,40,,0.504492,0.27738,2.27599,13.475142,0.24002,0.308,0,1.187043,0.89675,0.038725,39.00038599,,157,214,,,,15.9,18,20,1.4,35,,,0.32,,,,1.7,,,8.2,0.11,30,3,6.4,64,43,,,43,5.4,3,1.3,,132,,0.2,3.2,0.113886,,0.9,52,,4,0.8,14,55,,true,,,,,,,,,,,,,,,,,,,,,,,,,,,,,,,,
6742,6700,39,40,,0.259665,0.21105,0.984498,7.426986,0.292388,1.52,0,1.286655,1.678716,0.01549,42.46957384,,230,237,,,,5.3,21,21,0.5,49,,,0.14,,,,0.6,,,3,0.04,43,1,2.4,47,-0.001,,,21,8.3,2,0.5,,251,,-0.001,1.1,0.047952,,0.6,61,,3,0.3,-0.001,26,,true,,,,,,,,,,,,,,,,,,,,,,,,,,,,,,,,
6743,6701,39,40,,0.341274,0.28944,2.1172,12.072942,0.100372,0.021,0,1.16214,1.93698,0.10843,47.97411182,,9,180,,,,24.2,64,20,1.3,78,,,0.44,,,,1.5,,,11.3,0.14,6,3,9.3,57,37,,,37,2.1,3,2.1,,88,,0.3,3.3,0.107892,,0.8,32,,10,0.9,5,55,,true,,,,,,,,,,,,,,,,,,,,,,,,,,,,,,,,
6744,6702,39,40,,0.385788,0.33165,1.079772,6.697842,0.205108,0.096,0,0.423351,0.982838,0.224605,50.76484963,,83,153,,,,10.8,7,-0.001,-0.001,42,,,0.21,,,,0.9,,,5.7,0.08,11,2,4.3,-0.001,-0.001,,,18,3.1,2,0.8,,117,,0.1,1.6,0.053946,,0.6,55,,5,0.5,-0.001,36,,true,,,,,,,,,,,,,,,,,,,,,,,,,,,,,,,,
6745,6703,39,40,,0.244827,0.17487,0.709262,5.505972,0.270568,0.174,0,0.398448,1.018708,0.007745,51.27543574,,634,129,,,,3.5,48,40,-0.001,137,,,0.1,,,,-0.001,,,1.9,-0.001,-0.001,1,1.5,243,14,,,14,27.7,1,0.3,,116,,-0.001,0.6,0.035964,,0.4,30,,-0.001,0.2,13,12,,true,,,,,,,,,,,,,,,,,,,,,,,,,,,,,,,,
6746,6704,39,40,,0.467397,0.3618,2.037805,8.60016,0.157104,0.052,0,0.697284,1.671542,0.09294,52.99604101,,31,142,,,,15.2,5,30,0.6,23,,,0.29,,,,1.4,,,7.6,0.1,18,3,6.4,18,21,,,21,-0.001,3,1.4,,87,,0.2,2.7,0.095904,,0.8,51,,7,0.8,10,48,,true,,,,,,,,,,,,,,,,,,,,,,,,,,,,,,,,
6747,6705,39,40,,0.37095,0.31356,1.64083,7.819602,0.139648,0.031,0,0.556167,1.822196,0.054215,53.0869673,,94,113,,,,12.4,15,20,-0.001,52,,,0.28,,,,1.2,,,6.8,0.1,44,3,5.1,34,17,,,17,-0.001,2,1.2,,141,,0.2,2.1,0.077922,,0.6,51,,8,0.6,7,43,,true,,,,,,,,,,,,,,,,,,,,,,,,,,,,,,,,
6748,6706,39,40,,0.326436,0.33768,1.175046,6.47349,0.139648,0.059,0,0.531264,2.001546,0.09294,56.07354636,,163,111,,,,8.4,14,73,-0.001,44,,,0.21,,,,0.9,,,5.5,0.08,17,2,3.9,53,-0.001,,,13,3.2,2,0.8,,97,,0.1,1.5,0.05994,,0.9,165,,6,0.5,-0.001,35,,true,,,,,,,,,,,,,,,,,,,,,,,,,,,,,,,,
6749,6707,39,40,,0.304179,0.31356,1.206804,5.861196,0.126556,0.058,0,0.381846,1.018708,0.178135,57.9969872,,106,117,,,,9.3,3,-0.001,-0.001,40,,,0.2,,,,0.9,,,5,0.07,8,2,3.8,14,9,,,9,4.1,2,0.8,,106,,0.1,1.7,0.053946,,0.5,40,,3,0.5,8,28,,true,,,,,,,,,,,,,,,,,,,,,,,,,,,,,,,,
6750,6708,39,40,,0.274503,0.22311,1.095651,5.720976,0.165832,0.047,0,0.481458,0.954142,0.147155,58.21381144,,90,109,,,,8.4,4,38,-0.001,37,,,0.18,,,,0.8,,,4.7,0.06,28,2,3.7,-0.001,-0.001,,,14,3.4,2,0.8,,90,,0.1,1.6,0.053946,,0.6,45,,4,0.4,-0.001,33,,true,,,,,,,,,,,,,,,,,,,,,,,,,,,,,,,,
6751,6709,39,40,,0.22257,0.21708,1.265027,5.216184,0.091644,0.028,0,0.373545,0.7174,0.100685,61.56409568,,32,84,,,,9.6,2,30,-0.001,23,,,0.17,,,,1,,,5,0.06,16,2,4,20,13,,,13,1.3,2,0.8,,55,,0.1,1.8,0.065934,,0.4,37,,4,0.4,3,33,,true,,,,,,,,,,,,,,,,,,,,,,,,,,,,,,,,
6752,6710,39,40,,0.140961,0.18693,0.74102,3.813984,0.06546,0.049,0,0.298836,0.588268,0.054215,61.92080653,,663,56,,,,4.6,31,-0.001,-0.001,108,,,0.1,,,,0.7,,,2.2,0.05,99,1,1.7,75,-0.001,,,10,103.3,2,0.4,,41,,-0.001,1.2,0.041958,,0.3,28,,3,0.3,-0.001,27,,true,,,,,,,,,,,,,,,,,,,,,,,,,,,,,,,,

