context_name,chips_id,easting,northing,edtf,sample_name,typology,C,Na,Mg,Al,Si,P,S,Cl,K,Ca,Mn,Fe,loss_on_ignition,Ag,As,Ba,Be,Bi,Cd,Ce,Co,Cr,Cs,Cu,Dy,Er,Eu,deltafe56,deltafe57,Ga,Gd,Ge,Hf,Ho,In,La,Li,Lu,Mo,Nb,Nd,Ni,Os,os187_os188,os187_os186,Pb,Pd,Pr,Rb,Ru,Sb,Sc,Se,Sm,Sn,Sr,sr87_sr86,Ta,Tb,Te,Th,Ti,Tl,Tm,U,V,W,Y,Yb,Zn,Zr,major_method,major_analytical_setup,trace_method,trace_analytical_setup,reference,url,dataset
Arles-sur-Tech village,2448,2.63195,42.45631,0050~/0225~,Arles-18,Smelting Tap slag Slag,,0.16,0.6,2.27,8.81,0.09,,,0.9,1.51,4.89,50.98,-6.91,,2.987,225.1,1.964,-0.001,-0.001,66.8,5.444,22.9,1.707,10.58,6.806,3.703,3.908,,,7.15,6.644,0.657,1.397,1.391,-0.001,34.34,,0.548,1.204,3.107,29.9,-0.001,,,,5.4314,,7.867,38.98,,0.147,11.62,,6.952,-0.001,96.2,,0.333,1.142,,4.098,0.103,,0.546,2.556,35.64,5.336,32.79,3.723,40.17,52.62,ICP-OES,CRPG - Thermo Fisher Scientific Icap 6500,ICP-OES,CRPG - Thermo Fisher Scientific Icap 6500,"Gaspard Pagès, Philippe Dillmann, Enrique Vega, Marion Berranger, Sylvain Bauvais, Luc Long, Philippe Fluzin
 (2022), Vice-versa: The iron trade in the western Roman Empire between Gaul and the Mediterranean, PLOS ONE, 17",https://journals.plos.org/plosone/article?id=10.1371/journal.pone.0268209,dataset_gpages22
Arles-sur-Tech village,2449,2.63195,42.45631,0050~/0225~,Arles-4,Smelting Tap slag Slag,,0.23,0.71,2.73,11.04,0.08,,,1.11,1.44,6.7,44.35,-6.29,,-0.001,1153,1.632,-0.001,-0.001,43.83,2.374,28.62,1.943,8.85,4.006,2.29,1.936,,,8.645,3.794,0.519,1.965,0.842,-0.001,22.14,,0.375,-0.001,4.662,19.06,-0.001,,,,4.8165,,5.041,52.46,,0.103,8.76,,4.184,-0.001,101,,0.475,0.629,,4.474,0.153,,0.344,3.287,37.68,2.915,19.12,2.434,57.89,74.64,ICP-OES,CRPG - Thermo Fisher Scientific Icap 6500,ICP-OES,CRPG - Thermo Fisher Scientific Icap 6500,"Gaspard Pagès, Philippe Dillmann, Enrique Vega, Marion Berranger, Sylvain Bauvais, Luc Long, Philippe Fluzin
 (2022), Vice-versa: The iron trade in the western Roman Empire between Gaul and the Mediterranean, PLOS ONE, 17",https://journals.plos.org/plosone/article?id=10.1371/journal.pone.0268209,dataset_gpages22
Arles-sur-Tech village,2450,2.63195,42.45631,0050~/0225~,Arles-7,Smelting Tap slag Slag,,0.11,0.64,2.35,9.75,0.09,,,0.88,1.85,3.43,49.48,-5.44,,7.716,197,1.241,-0.001,-0.001,36.42,3.524,25.05,1.96,8.654,3.212,1.682,1.9,,,7.611,3.172,0.594,1.556,0.636,-0.001,18.44,,0.272,1.259,3.772,15.85,-0.001,,,,4.2524,,4.217,41.69,,0.117,4.86,,3.498,1.86,63.87,,0.337,0.526,,3.427,0.127,,0.249,1.764,29.21,3.161,14.49,1.776,34.95,57.55,ICP-OES,CRPG - Thermo Fisher Scientific Icap 6500,ICP-OES,CRPG - Thermo Fisher Scientific Icap 6500,"Gaspard Pagès, Philippe Dillmann, Enrique Vega, Marion Berranger, Sylvain Bauvais, Luc Long, Philippe Fluzin
 (2022), Vice-versa: The iron trade in the western Roman Empire between Gaul and the Mediterranean, PLOS ONE, 17",https://journals.plos.org/plosone/article?id=10.1371/journal.pone.0268209,dataset_gpages22
Camp del Pull 1,2464,2.59731,42.53694,-0125~/-0025~,PULL-N01,Smelting Tap slag Slag,,0.16,0.47,3.3,10.08,0.1,,,1.17,1.06,3.65,49.19,-6.45,,-0.001,445.4,1.484,-0.001,-0.001,98.58,1.584,15.74,1.356,5.761,8.862,5.048,4.919,,,8.429,8.744,0.594,1.808,1.851,0.118,46.87,,0.826,0.586,3.958,42.23,-0.001,,,,2.5565,,11.14,41.01,,-0.001,12.56,,9.574,-0.001,119.7,,0.331,1.43,,7.098,0.142,,0.81,2.588,37.58,1.683,37.52,5.888,59.93,69.71,ICP-OES,CRPG - Thermo Fisher Scientific Icap 6500,ICP-OES,CRPG - Thermo Fisher Scientific Icap 6500,"Gaspard Pagès, Philippe Dillmann, Enrique Vega, Marion Berranger, Sylvain Bauvais, Luc Long, Philippe Fluzin
 (2022), Vice-versa: The iron trade in the western Roman Empire between Gaul and the Mediterranean, PLOS ONE, 17",https://journals.plos.org/plosone/article?id=10.1371/journal.pone.0268209,dataset_gpages22
Camp del Pull 1,2465,2.59731,42.53694,-0125~/-0025~,PULL-N15,Smelting Tap slag Slag,,0.16,0.52,2.85,10.01,0.08,,,0.95,0.8,5.44,48.74,-6.64,,-0.001,231.7,1.401,-0.001,-0.001,170,2.382,23.91,1.216,21.87,15.61,7.097,12.08,,,9.412,16.2,0.745,1.316,2.947,-0.001,81.38,,0.919,0.879,3.29,72.32,-0.001,,,,3.7714,,19.22,34.67,,0.145,7.35,,17.56,-0.001,160.7,,0.294,2.666,,4.709,0.121,,1.013,2.187,39.02,-0.001,57.76,6.813,29.95,46.94,ICP-OES,CRPG - Thermo Fisher Scientific Icap 6500,ICP-OES,CRPG - Thermo Fisher Scientific Icap 6500,"Gaspard Pagès, Philippe Dillmann, Enrique Vega, Marion Berranger, Sylvain Bauvais, Luc Long, Philippe Fluzin
 (2022), Vice-versa: The iron trade in the western Roman Empire between Gaul and the Mediterranean, PLOS ONE, 17",https://journals.plos.org/plosone/article?id=10.1371/journal.pone.0268209,dataset_gpages22
Camp del Pull 1,2466,2.59731,42.53694,-0125~/-0025~,PULL-N18,Smelting Tap slag Slag,,0.11,0.58,2.61,8.82,0.07,,,0.77,0.72,4.8,51.83,-6.61,,-0.001,208.6,1.172,-0.001,-0.001,76.67,1.371,28.99,1.139,8.168,6.207,3.101,4.713,,,8.204,6.846,0.496,1.077,1.241,-0.001,37.8,,0.446,0.768,2.849,32.24,-0.001,,,,2.3958,,8.621,28.29,,-0.001,5.73,,7.636,-0.001,120.8,,0.249,1.068,,3.441,0.113,,0.457,1.892,40.56,-0.001,25.77,3.112,16.83,40.11,ICP-OES,CRPG - Thermo Fisher Scientific Icap 6500,ICP-OES,CRPG - Thermo Fisher Scientific Icap 6500,"Gaspard Pagès, Philippe Dillmann, Enrique Vega, Marion Berranger, Sylvain Bauvais, Luc Long, Philippe Fluzin
 (2022), Vice-versa: The iron trade in the western Roman Empire between Gaul and the Mediterranean, PLOS ONE, 17",https://journals.plos.org/plosone/article?id=10.1371/journal.pone.0268209,dataset_gpages22
Camp del Pull 1,2467,2.59731,42.53694,-0125~/-0025~,PULL-N19,Smelting Tap slag Slag,,0.15,0.37,2.4,11.21,0.08,,,0.96,0.74,4.99,47.89,-6.42,,-0.001,395,1.658,-0.001,0.103,58.36,1.16,20.1,1.154,5.079,5.942,3.123,4.468,,,6.763,5.699,0.503,1.318,1.226,-0.001,30.09,,0.443,-0.001,2.915,27.39,-0.001,,,,1.8969,,7.193,35.72,,-0.001,11.2,,6.365,-0.001,90.13,,0.271,0.972,,3.458,0.106,,0.451,2.469,38.8,1.984,25.08,3.085,28.17,50.74,ICP-OES,CRPG - Thermo Fisher Scientific Icap 6500,ICP-OES,CRPG - Thermo Fisher Scientific Icap 6500,"Gaspard Pagès, Philippe Dillmann, Enrique Vega, Marion Berranger, Sylvain Bauvais, Luc Long, Philippe Fluzin
 (2022), Vice-versa: The iron trade in the western Roman Empire between Gaul and the Mediterranean, PLOS ONE, 17",https://journals.plos.org/plosone/article?id=10.1371/journal.pone.0268209,dataset_gpages22
Coll del Forn,2451,2.46368,42.5847,,FORN-1,Smelting Tap slag Slag,,0.21,0.31,1.61,8.82,-0.001,,,0.69,1.41,6.2,50.86,-7.32,,2.01,138,1.72,-0.001,-0.001,58,2.58,15,0.91,17.4,4.65,2.12,5.11,,,5.58,6.02,0.39,1.22,0.87,-0.001,33.7,,0.225,-0.001,2.4,23.6,-0.001,,,,31.8,,6.48,27.3,,0.36,1.37,,5.81,3.47,81.5,,0.29,0.879,,2.51,0.073,,0.279,2.48,18.9,8.34,23.7,1.63,47.3,43.5,ICP-OES,CRPG - Thermo Fisher Scientific Icap 6500,ICP-OES,CRPG - Thermo Fisher Scientific Icap 6500,"Gaspard Pagès, Philippe Dillmann, Enrique Vega, Marion Berranger, Sylvain Bauvais, Luc Long, Philippe Fluzin
 (2022), Vice-versa: The iron trade in the western Roman Empire between Gaul and the Mediterranean, PLOS ONE, 17",https://journals.plos.org/plosone/article?id=10.1371/journal.pone.0268209,dataset_gpages22
Coll del Forn,2452,2.46368,42.5847,,FORN-2,Smelting Tap slag Slag,,0.32,0.43,2.58,11.34,0.05,,,1.1,1.54,6.81,44.1,-6.42,,1.62,218,2.26,-0.001,-0.001,81.8,1.49,19.8,1.81,5.2,7.34,3.33,6.92,,,7.76,8.55,0.39,1.75,1.34,-0.001,42.8,,0.353,-0.001,4.24,34.9,-0.001,,,,17,,9.44,45.5,,0.13,3.17,,8.58,3.9,92,,0.45,1.32,,4.22,0.118,,0.448,3.08,28.7,10.8,33,2.62,18.7,69.7,ICP-OES,CRPG - Thermo Fisher Scientific Icap 6500,ICP-OES,CRPG - Thermo Fisher Scientific Icap 6500,"Gaspard Pagès, Philippe Dillmann, Enrique Vega, Marion Berranger, Sylvain Bauvais, Luc Long, Philippe Fluzin
 (2022), Vice-versa: The iron trade in the western Roman Empire between Gaul and the Mediterranean, PLOS ONE, 17",https://journals.plos.org/plosone/article?id=10.1371/journal.pone.0268209,dataset_gpages22
Coll del Forn,2453,2.46368,42.5847,,FORN-3,Smelting Tap slag Slag,,0.18,0.3,1.43,6.89,0.05,,,0.6,1.69,6.63,53.57,-7.23,,1.96,120,1.77,-0.001,-0.001,56.1,2.18,18.6,0.74,6.5,5.2,2.32,5.15,,,5.53,6.08,0.41,0.92,0.963,-0.001,32.4,,0.238,-0.001,2.44,24.4,-0.001,,,,4.58,,6.4,24.6,,0.22,1.31,,6.09,3.46,133,,0.36,0.926,,2.18,0.069,,0.288,2.62,24.1,6.59,26.7,1.76,24,35.8,ICP-OES,CRPG - Thermo Fisher Scientific Icap 6500,ICP-OES,CRPG - Thermo Fisher Scientific Icap 6500,"Gaspard Pagès, Philippe Dillmann, Enrique Vega, Marion Berranger, Sylvain Bauvais, Luc Long, Philippe Fluzin
 (2022), Vice-versa: The iron trade in the western Roman Empire between Gaul and the Mediterranean, PLOS ONE, 17",https://journals.plos.org/plosone/article?id=10.1371/journal.pone.0268209,dataset_gpages22
Coll del Forn,2454,2.46368,42.5847,,FORN-4,Smelting Tap slag Slag,,0.21,0.45,1.76,7.11,-0.001,,,0.64,1.33,6.45,53.18,-7.34,,-0.001,186,1.88,-0.001,-0.001,45.8,1.94,20.7,0.96,6.3,4.02,1.86,3.98,,,5.7,4.8,0.37,0.97,0.783,-0.001,27.3,,0.188,-0.001,2.16,19.6,-0.001,,,,3.17,,5.08,22.2,,0.13,2.03,,4.57,3.37,197,,0.21,0.722,,2.33,0.084,,0.225,4.98,26.8,8.17,19.9,1.33,15.1,35.3,ICP-OES,CRPG - Thermo Fisher Scientific Icap 6500,ICP-OES,CRPG - Thermo Fisher Scientific Icap 6500,"Gaspard Pagès, Philippe Dillmann, Enrique Vega, Marion Berranger, Sylvain Bauvais, Luc Long, Philippe Fluzin
 (2022), Vice-versa: The iron trade in the western Roman Empire between Gaul and the Mediterranean, PLOS ONE, 17",https://journals.plos.org/plosone/article?id=10.1371/journal.pone.0268209,dataset_gpages22
Coll del Forn,2455,2.46368,42.5847,,FORN-5,Smelting Tap slag Slag,,0.12,0.39,1.87,6.97,0.04,,,0.4,0.85,5.37,54.73,-6.3,,2.74,123,1.12,-0.001,-0.001,44.5,3.51,22,1.34,11.4,4.21,2,3.77,,,5.96,4.51,0.46,0.83,0.822,-0.001,22.7,,0.24,0.7,2.56,20,-0.001,,,,16.5,,5.26,19.5,,0.23,1.9,,4.89,3.52,221,,0.22,0.733,,2.76,0.085,,0.27,6.32,24.9,14.3,17.1,1.69,24.4,33.5,ICP-OES,CRPG - Thermo Fisher Scientific Icap 6500,ICP-OES,CRPG - Thermo Fisher Scientific Icap 6500,"Gaspard Pagès, Philippe Dillmann, Enrique Vega, Marion Berranger, Sylvain Bauvais, Luc Long, Philippe Fluzin
 (2022), Vice-versa: The iron trade in the western Roman Empire between Gaul and the Mediterranean, PLOS ONE, 17",https://journals.plos.org/plosone/article?id=10.1371/journal.pone.0268209,dataset_gpages22
Les Colomines,2468,2.41363,42.57955,-0100~/0050~,COLO-1,Smelting Tap slag Slag,,0.16,0.65,2.48,11.87,0.16,,,1.05,3.45,5.31,41.89,-5.61,,5.27,819,2.56,-0.001,-0.001,49.9,2.76,22.1,1.8,8.6,4.91,2.5,3.57,,,6.98,4.92,1.06,1.34,0.989,0.23,25.1,,0.287,1.63,3.52,22.4,-0.001,,,,35,,5.8,40,,0.31,3.28,,5.28,3.89,409,,0.31,0.816,,3.7,0.111,,0.317,5.51,35,47.5,25.3,2.05,263,53.7,ICP-OES,CRPG - Thermo Fisher Scientific Icap 6500,ICP-OES,CRPG - Thermo Fisher Scientific Icap 6500,"Gaspard Pagès, Philippe Dillmann, Enrique Vega, Marion Berranger, Sylvain Bauvais, Luc Long, Philippe Fluzin
 (2022), Vice-versa: The iron trade in the western Roman Empire between Gaul and the Mediterranean, PLOS ONE, 17",https://journals.plos.org/plosone/article?id=10.1371/journal.pone.0268209,dataset_gpages22
Les Colomines,2469,2.41363,42.57955,-0100~/0050~,COLO-2,Smelting Tap slag Slag,,0.16,0.34,1.7,8.38,0.13,,,1.03,2.14,6.7,49.64,-6.82,,-0.001,181,1.53,0.13,-0.001,56.2,2.22,12.2,1.3,6.6,4.9,2.43,4.72,,,5.57,5.62,0.35,1,0.956,-0.001,29.7,,0.28,-0.001,2.4,24.4,-0.001,,,,7.81,,6.38,39.3,,0.2,0.99,,6.09,4.19,267,,0.3,0.859,,2.35,0.057,,0.314,3.64,15.1,13.2,21.6,2.03,23.6,36.2,ICP-OES,CRPG - Thermo Fisher Scientific Icap 6500,ICP-OES,CRPG - Thermo Fisher Scientific Icap 6500,"Gaspard Pagès, Philippe Dillmann, Enrique Vega, Marion Berranger, Sylvain Bauvais, Luc Long, Philippe Fluzin
 (2022), Vice-versa: The iron trade in the western Roman Empire between Gaul and the Mediterranean, PLOS ONE, 17",https://journals.plos.org/plosone/article?id=10.1371/journal.pone.0268209,dataset_gpages22
Les Colomines,2470,2.41363,42.57955,-0100~/0050~,COLO-3,Smelting Tap slag Slag,,0.09,0.5,1.3,5.78,0.07,,,0.54,1.24,6.77,55.97,-7.59,,6.56,186,1.64,-0.001,-0.001,36.7,2.71,26,0.73,7.1,3.31,1.57,3.11,,,5.27,3.64,0.76,0.87,0.625,-0.001,18.4,,0.201,1.14,1.84,16.9,-0.001,,,,19,,4.38,17.9,,0.21,1.72,,4.08,1.8,203,,0.19,0.563,,1.83,0.075,,0.214,4.2,31.5,21.2,12.8,1.36,55.3,32.7,ICP-OES,CRPG - Thermo Fisher Scientific Icap 6500,ICP-OES,CRPG - Thermo Fisher Scientific Icap 6500,"Gaspard Pagès, Philippe Dillmann, Enrique Vega, Marion Berranger, Sylvain Bauvais, Luc Long, Philippe Fluzin
 (2022), Vice-versa: The iron trade in the western Roman Empire between Gaul and the Mediterranean, PLOS ONE, 17",https://journals.plos.org/plosone/article?id=10.1371/journal.pone.0268209,dataset_gpages22
Les Colomines,2471,2.41363,42.57955,-0100~/0050~,COLO-4,Smelting Tap slag Slag,,0.1,0.45,1.57,9.51,0.14,,,0.67,2.29,7.81,44.02,-2.3,,2.68,204,1.55,-0.001,-0.001,56.6,2.51,13.8,0.76,5.5,4.77,2.15,4.62,,,5.38,5.76,0.41,1.05,0.896,-0.001,32.3,,0.273,-0.001,2.36,24.3,-0.001,,,,2.97,,6.4,23.6,,0.18,1.32,,5.89,5.49,174,,0.26,0.829,,2.3,0.064,,0.308,3.71,21.6,9.19,22.5,1.91,19.8,38,ICP-OES,CRPG - Thermo Fisher Scientific Icap 6500,ICP-OES,CRPG - Thermo Fisher Scientific Icap 6500,"Gaspard Pagès, Philippe Dillmann, Enrique Vega, Marion Berranger, Sylvain Bauvais, Luc Long, Philippe Fluzin
 (2022), Vice-versa: The iron trade in the western Roman Empire between Gaul and the Mediterranean, PLOS ONE, 17",https://journals.plos.org/plosone/article?id=10.1371/journal.pone.0268209,dataset_gpages22
Les Colomines,2531,2.41363,42.57955,-0100~/0050~,COLO_M1,Ore,,0.03,0.03,0.67,6.36,0.06,,,0.29,0.05,0.68,52.95,5.63,,17.9,23.4,0.67,0.22,45.2,41.8,4.63,10.8,0.7,32.3,2.79,1.35,2.83,,,2.73,3.38,12.9,1,0.507,1,22,,0.197,6.21,1.96,17.5,8.3,,,,7149,,4.61,12.1,,3.26,-0.001,,3.96,6.64,4.4,,0.16,0.494,,1.62,0.064,,0.194,2.8,7.6,6.34,11.4,1.39,10830,39.4,ICP-OES,CRPG - Thermo Fisher Scientific Icap 6500,ICP-OES,CRPG - Thermo Fisher Scientific Icap 6500,"Gaspard Pagès, Philippe Dillmann, Enrique Vega, Marion Berranger, Sylvain Bauvais, Luc Long, Philippe Fluzin
 (2022), Vice-versa: The iron trade in the western Roman Empire between Gaul and the Mediterranean, PLOS ONE, 17",https://journals.plos.org/plosone/article?id=10.1371/journal.pone.0268209,dataset_gpages22
Oratori StMarsal,2457,2.60446,42.52965,-0125~/-0025~,OR-M1-P3-08,Smelting Tap slag Slag,,0.15,0.49,3.3,12.38,0.18,,,1.17,0.97,6.43,42.13,-6.19,,-0.001,421.2,1.474,-0.001,-0.001,51.41,1.741,28.61,1.996,6.615,5.286,2.906,3.012,,,9.963,4.856,0.453,1.735,1.098,-0.001,23.68,,0.463,-0.001,4.482,22.69,-0.001,,,,3.1094,,5.826,46.49,,-0.001,7.79,,5.313,1.721,175.7,,0.553,0.83,,4.125,0.15,,0.44,3.385,51.76,1.768,23.12,3.095,43.78,63.61,ICP-OES,CRPG - Thermo Fisher Scientific Icap 6500,ICP-OES,CRPG - Thermo Fisher Scientific Icap 6500,"Gaspard Pagès, Philippe Dillmann, Enrique Vega, Marion Berranger, Sylvain Bauvais, Luc Long, Philippe Fluzin
 (2022), Vice-versa: The iron trade in the western Roman Empire between Gaul and the Mediterranean, PLOS ONE, 17",https://journals.plos.org/plosone/article?id=10.1371/journal.pone.0268209,dataset_gpages22
Oratori StMarsal,2458,2.60446,42.52965,-0125~/-0025~,OR-M1-P3-11,Smelting Tap slag Slag,,0.03,0.57,2.79,12.07,0.14,,,0.25,1.02,6.73,42.98,-4.22,,-0.001,340.4,1.312,-0.001,-0.001,39.97,0.86,30.42,1.106,7.47,5.06,2.759,2.916,,,8.622,4.431,0.362,1.588,1.06,-0.001,19.95,,0.443,-0.001,3.733,19.79,-0.001,,,,7.9862,,5.044,19.76,,-0.001,9.68,,4.672,-0.001,174.1,,0.322,0.786,,3.471,0.137,,0.428,3.246,48.18,1.946,22.45,3.022,50.92,57.23,ICP-OES,CRPG - Thermo Fisher Scientific Icap 6500,ICP-OES,CRPG - Thermo Fisher Scientific Icap 6500,"Gaspard Pagès, Philippe Dillmann, Enrique Vega, Marion Berranger, Sylvain Bauvais, Luc Long, Philippe Fluzin
 (2022), Vice-versa: The iron trade in the western Roman Empire between Gaul and the Mediterranean, PLOS ONE, 17",https://journals.plos.org/plosone/article?id=10.1371/journal.pone.0268209,dataset_gpages22
Oratori StMarsal,2459,2.60446,42.52965,-0125~/-0025~,OR-M3-C2-04,Smelting Tap slag Slag,,0.03,0.31,2.8,10.71,0.09,,,0.91,0.8,4.7,45.36,-2.18,,-0.001,347.7,1.642,-0.001,-0.001,51,1.532,21.72,2.076,-0.001,4.81,2.521,2.724,,,8.998,4.756,0.464,1.39,0.978,-0.001,24.92,,0.373,0.615,3.402,22.85,-0.001,,,,2.0991,,5.986,46.75,,-0.001,10.22,,5.218,-0.001,83.21,,0.418,0.783,,3.617,0.132,,0.381,3.255,43.35,3.579,20.78,2.613,29.18,50.83,ICP-OES,CRPG - Thermo Fisher Scientific Icap 6500,ICP-OES,CRPG - Thermo Fisher Scientific Icap 6500,"Gaspard Pagès, Philippe Dillmann, Enrique Vega, Marion Berranger, Sylvain Bauvais, Luc Long, Philippe Fluzin
 (2022), Vice-versa: The iron trade in the western Roman Empire between Gaul and the Mediterranean, PLOS ONE, 17",https://journals.plos.org/plosone/article?id=10.1371/journal.pone.0268209,dataset_gpages22
Pla de l’Abella 1,2460,2.59099,42.51991,-0125~/-0025~,ABEL-F18,Smelting Tap slag Slag,,0.09,0.3,2.12,7.82,0.06,,,0.79,0.36,4.07,55.42,-7.59,,-0.001,256.3,1.193,-0.001,-0.001,48.29,2.779,17.82,1.236,11.44,4.27,2.364,2.949,,,6.491,4.33,0.535,1.07,0.883,-0.001,22.99,,0.383,0.925,2.772,20.8,-0.001,,,,1.5124,,5.504,33.53,,-0.001,3.58,,4.802,1.644,47.95,,0.267,0.699,,3.193,0.093,,0.368,2.429,30.03,2.635,17.07,2.644,49.26,40.8,ICP-OES,CRPG - Thermo Fisher Scientific Icap 6500,ICP-OES,CRPG - Thermo Fisher Scientific Icap 6500,"Gaspard Pagès, Philippe Dillmann, Enrique Vega, Marion Berranger, Sylvain Bauvais, Luc Long, Philippe Fluzin
 (2022), Vice-versa: The iron trade in the western Roman Empire between Gaul and the Mediterranean, PLOS ONE, 17",https://journals.plos.org/plosone/article?id=10.1371/journal.pone.0268209,dataset_gpages22
Pla de l’Abella 1,2461,2.59099,42.51991,-0125~/-0025~,ABEL-F20,Smelting Tap slag Slag,,0.05,0.24,1.71,7.44,0.06,,,0.56,0.41,2.93,58.03,-7.24,,-0.001,318.7,1.134,-0.001,0.108,45.73,2.619,18.83,0.764,5.853,4.536,2.513,3.131,,,5.344,4.46,0.532,0.865,0.938,-0.001,22.77,,0.436,0.998,2.043,21.4,-0.001,,,,1.1148,,5.617,21.79,,-0.001,7.29,,4.859,-0.001,35.32,,0.17,0.739,,3.724,0.081,,0.396,2.54,27.22,1.711,18.09,2.9,69.65,35.34,ICP-OES,CRPG - Thermo Fisher Scientific Icap 6500,ICP-OES,CRPG - Thermo Fisher Scientific Icap 6500,"Gaspard Pagès, Philippe Dillmann, Enrique Vega, Marion Berranger, Sylvain Bauvais, Luc Long, Philippe Fluzin
 (2022), Vice-versa: The iron trade in the western Roman Empire between Gaul and the Mediterranean, PLOS ONE, 17",https://journals.plos.org/plosone/article?id=10.1371/journal.pone.0268209,dataset_gpages22
Pla de l’Abella 1,2462,2.59099,42.51991,-0125~/-0025~,ABEL-F21,Smelting Tap slag Slag,,0.12,0.4,3.07,10.78,0.1,,,1.44,0.97,6.84,45.34,-6.39,,-0.001,372.6,1.911,-0.001,-0.001,57.75,0.687,21.19,1.881,-0.001,4.957,2.991,2.805,,,8.804,4.765,0.504,1.534,1.059,-0.001,28.92,,0.512,-0.001,4.34,24.05,-0.001,,,,1.4276,,6.362,53.31,,-0.001,6.29,,5.255,-0.001,128.5,,0.39,0.783,,4.31,0.14,,0.48,3.619,36.54,5.342,22.32,3.403,115.4,58.63,ICP-OES,CRPG - Thermo Fisher Scientific Icap 6500,ICP-OES,CRPG - Thermo Fisher Scientific Icap 6500,"Gaspard Pagès, Philippe Dillmann, Enrique Vega, Marion Berranger, Sylvain Bauvais, Luc Long, Philippe Fluzin
 (2022), Vice-versa: The iron trade in the western Roman Empire between Gaul and the Mediterranean, PLOS ONE, 17",https://journals.plos.org/plosone/article?id=10.1371/journal.pone.0268209,dataset_gpages22
Pla de l’Abella 1,2463,2.59099,42.51991,-0125~/-0025~,ABEL-F22,Smelting Tap slag Slag,,0.07,0.4,1.82,7,0.12,,,0.74,0.54,5.54,55.6,-7.71,,3.848,273.3,1.146,-0.001,-0.001,36.4,3.474,13.71,1.252,8.035,3.605,2.155,1.747,,,6.257,3.451,0.715,0.896,0.774,-0.001,19.54,,0.347,0.784,2.274,16.22,-0.001,,,,1.7125,,4.236,27.69,,0.107,3.78,,3.587,-0.001,103.9,,0.206,0.566,,2.386,0.079,,0.328,1.896,27.73,1.649,18.18,2.294,258.6,35.72,ICP-OES,CRPG - Thermo Fisher Scientific Icap 6500,ICP-OES,CRPG - Thermo Fisher Scientific Icap 6500,"Gaspard Pagès, Philippe Dillmann, Enrique Vega, Marion Berranger, Sylvain Bauvais, Luc Long, Philippe Fluzin
 (2022), Vice-versa: The iron trade in the western Roman Empire between Gaul and the Mediterranean, PLOS ONE, 17",https://journals.plos.org/plosone/article?id=10.1371/journal.pone.0268209,dataset_gpages22
Castel Minier,1540,1.373,42.7806,1400~/1600~,CM06-10041,Smelting Tap slag Slag,,0.12,0.69,1.86,12.01,0.1,0.03,,0.88,7.69,7.47,37.01,,,6.75,887,,,,101.4,0.6,10,1.28,,,,6,,,,,,1.22,,,64.16,,,1.77,4.3,42.4,4.6,,,,,,,36.4,,0.24,3.4,,7.41,,228,,0.31,0.69,,3.21,0.099,,,10.8,28,2.09,24.9,1.39,,68,MEB-EDS,LPS - Cambridge Stereoscan 120,MEB-EDS,LPS - Cambridge Stereoscan 120,"Stéphanie Leroy, Serge Cohen, Catherine Verna, Bernard Gratuze, Florian Téreygeol, Philippe Fluzin, Loic Bertrand, Philippe Dillmann (2012), The medieval iron market in Ariège (France). Multidisciplinary analytical approach and multivariate analyses, Journal of Archaeological Science, 39",https://www.sciencedirect.com/science/article/pii/S0305440311004468#tbl5,dataset_sleroy12
Castel Minier,1541,1.373,42.7806,1400~/1600~,CM06-10042,Smelting Tap slag Slag,,,0.53,2.11,13.7,0.34,0.28,,1.46,8.2,7.38,32.11,,,3.47,990.29,,,,84.04,1.27,119.94,1.22,,,,6.18,,,,,,1.42,,,53.75,,,4.49,3.65,46.08,47.01,,,,,,,68.3,,0.13,4.12,,7.37,,240.95,,0.73,0.8,,3.2,0.123,,,11.51,27.69,2.57,21.48,1.54,-0.001,64.45,MEB-EDS,LPS - Cambridge Stereoscan 120,MEB-EDS,LPS - Cambridge Stereoscan 120,"Stéphanie Leroy, Serge Cohen, Catherine Verna, Bernard Gratuze, Florian Téreygeol, Philippe Fluzin, Loic Bertrand, Philippe Dillmann (2012), The medieval iron market in Ariège (France). Multidisciplinary analytical approach and multivariate analyses, Journal of Archaeological Science, 39",https://www.sciencedirect.com/science/article/pii/S0305440311004468#tbl5,dataset_sleroy12
Castel Minier,1542,1.373,42.7806,1400~/1600~,CM06-10043,Smelting Tap slag Slag,,0.09,0.84,2.35,10.12,0.63,0.34,,1.07,5.13,5.98,41.94,,,19.98,1082.44,,,,73.53,1.66,12.94,1.18,,,,3.97,,,,,,1.41,,,44.32,,,0.57,2.79,38.75,7.51,,,,,,,31.42,,0.8,0,,6.31,,251.37,,0.13,1.13,,2.8,0.096,,,7.62,23.69,1.7,16.66,1.34,49.81,38.69,MEB-EDS,LPS - Cambridge Stereoscan 120,MEB-EDS,LPS - Cambridge Stereoscan 120,"Stéphanie Leroy, Serge Cohen, Catherine Verna, Bernard Gratuze, Florian Téreygeol, Philippe Fluzin, Loic Bertrand, Philippe Dillmann (2012), The medieval iron market in Ariège (France). Multidisciplinary analytical approach and multivariate analyses, Journal of Archaeological Science, 39",https://www.sciencedirect.com/science/article/pii/S0305440311004468#tbl5,dataset_sleroy12
Castel Minier,1543,1.373,42.7806,1400~/1600~,CM06-20021,Smelting Tap slag Slag,,0.07,1.25,1.54,8.38,0.14,0.06,,0.53,4.21,7.34,46.95,,,13.5,478,,,,44.7,1.37,10,0.41,,,,1.89,,,,,,0.99,,,28,,,2.66,3.8,13.6,4.8,,,,,,,17.8,,0.82,3,,3.23,,178,,0.25,0.41,,2.2,0.085,,,7.92,24,1.02,19.4,1.22,,25,MEB-EDS,LPS - Cambridge Stereoscan 120,MEB-EDS,LPS - Cambridge Stereoscan 120,"Stéphanie Leroy, Serge Cohen, Catherine Verna, Bernard Gratuze, Florian Téreygeol, Philippe Fluzin, Loic Bertrand, Philippe Dillmann (2012), The medieval iron market in Ariège (France). Multidisciplinary analytical approach and multivariate analyses, Journal of Archaeological Science, 39",https://www.sciencedirect.com/science/article/pii/S0305440311004468#tbl5,dataset_sleroy12
Castel Minier,1544,1.373,42.7806,1400~/1600~,CM06-20022 ,Smelting Tap slag Slag,,,0.67,2.01,10.05,0.23,0.2,,1.51,4.94,12.05,37.57,,,15.31,679.04,,,,61.6,1.41,17.1,0.6,,,,2.95,,,,,,1.1,,,38.26,,,0.4,3.08,28.98,3.88,,,,,,,24.65,,0.45,1.45,,4.73,,278.57,,0.12,0.98,,2.29,0.084,,,12.3,27.88,1.73,22.26,1.89,58.53,26.91,MEB-EDS,LPS - Cambridge Stereoscan 120,MEB-EDS,LPS - Cambridge Stereoscan 120,"Stéphanie Leroy, Serge Cohen, Catherine Verna, Bernard Gratuze, Florian Téreygeol, Philippe Fluzin, Loic Bertrand, Philippe Dillmann (2012), The medieval iron market in Ariège (France). Multidisciplinary analytical approach and multivariate analyses, Journal of Archaeological Science, 39",https://www.sciencedirect.com/science/article/pii/S0305440311004468#tbl5,dataset_sleroy12
Castel Minier,23,1.373,42.7806,1400~/1600~,CM06-2002M1,Smelting Tap slag Slag,,0.1,0.12,0.24,1.98,0.32,0.16,,0.75,0.43,4.91,66.73,,,65.23,142.79,,,,23.98,1.18,2.96,0.15,,,,2.02,,,,,,-0.001,,,14.64,,,5.34,0.6,13.76,11.2,,,,,,,1.57,,1.5,0.14,,2.92,,28.76,,-0.001,-0.001,,-0.001,0.005,,0.12,8.31,2.9,0.12,10.48,0.41,548.46,0.94,ICP-MS,ALS Chemex - Unknown ME-MS61,ICP-MS,ALS Chemex - Unknown ME-MS61,"Stéphanie Leroy, Serge Cohen, Catherine Verna, Bernard Gratuze, Florian Téreygeol, Philippe Fluzin, Loic Bertrand, Philippe Dillmann (2012), The medieval iron market in Ariège (France). Multidisciplinary analytical approach and multivariate analyses, Journal of Archaeological Science, 39",https://www.sciencedirect.com/science/article/pii/S0305440311004468#tbl5,dataset_sleroy12
Castel Minier,1545,1.373,42.7806,1400~/1600~,CM06-2002M2,Prepared Ore,,,0.08,0.26,2.81,0.37,0.58,,0.37,0.43,3.23,66.66,,,64.9,141,,,,22.9,1.44,2.96,0.2,,,,1.85,,,,,,-0.001,,,14.77,,,7.15,0.6,8.3,7.1,,,,,,,1.57,,1.7,0.87,,2.62,,28.76,,-0.001,0.52,,0.2,0.005,,,6.98,2.9,0.27,11.8,0.55,,0.94,MEB-EDS,LPS - Cambridge Stereoscan 120,MEB-EDS,LPS - Cambridge Stereoscan 120,"Stéphanie Leroy, Serge Cohen, Catherine Verna, Bernard Gratuze, Florian Téreygeol, Philippe Fluzin, Loic Bertrand, Philippe Dillmann (2012), The medieval iron market in Ariège (France). Multidisciplinary analytical approach and multivariate analyses, Journal of Archaeological Science, 39",https://www.sciencedirect.com/science/article/pii/S0305440311004468#tbl5,dataset_sleroy12
Castel Minier,24,1.373,42.7806,1400~/1600~,CM06-20041,Smelting Tap slag Slag,,0.13,1.08,2.5,11.68,0.13,0.02,,1.21,6.44,7.23,37.32,,,4,1250,1.4,0.01,0.03,125.5,1.3,21,1.27,25.8,3.97,1.92,5.79,,,5.5,7.34,0.62,1.8,0.73,0.07,76.5,,0.2,0.78,5.6,49.8,2.5,,,,4.1,,14.75,34.6,,0.21,5,,8.96,1,355,,0.4,0.86,,4.5,0.124,,0.25,9.2,25,37,29.3,1.88,43,61.4,ICP-MS,ALS Chemex - Unknown ME-MS61,ICP-MS,ALS Chemex - Unknown ME-MS61,"Stéphanie Leroy, Serge Cohen, Catherine Verna, Bernard Gratuze, Florian Téreygeol, Philippe Fluzin, Loic Bertrand, Philippe Dillmann (2012), The medieval iron market in Ariège (France). Multidisciplinary analytical approach and multivariate analyses, Journal of Archaeological Science, 39",https://www.sciencedirect.com/science/article/pii/S0305440311004468#tbl5,dataset_sleroy12
Castel Minier,1546,1.373,42.7806,1400~/1600~,CM06-2007M1,Prepared Ore,,,,0.05,0.86,0.03,0.11,,0.13,0.2,1.07,74.49,,,119,16.94,,,,1.44,1.14,-0.001,0.15,,,,0.2,,,,,,-0.001,,,0.7,,,11.08,2.03,-0.001,54.88,,,,,,,1.69,,10.92,1.32,,0.27,,12.53,,-0.001,3.13,,1.3,0.003,,,4.56,4.68,0.48,2.94,-0.001,314.42,0.73,MEB-EDS,LPS - Cambridge Stereoscan 120,MEB-EDS,LPS - Cambridge Stereoscan 120,"Stéphanie Leroy, Serge Cohen, Catherine Verna, Bernard Gratuze, Florian Téreygeol, Philippe Fluzin, Loic Bertrand, Philippe Dillmann (2012), The medieval iron market in Ariège (France). Multidisciplinary analytical approach and multivariate analyses, Journal of Archaeological Science, 39",https://www.sciencedirect.com/science/article/pii/S0305440311004468#tbl5,dataset_sleroy12
Castel Minier,25,1.373,42.7806,1400~/1600~,CM06-20081,Smelting Tap slag Slag,,0.12,0.55,2.09,8.81,0.08,0.15,,0.54,19.79,1.4,35.19,,,529,75,2.16,0.11,0.46,4.3,2.9,45,1.27,62.3,1.34,0.81,0.31,,,3.8,1.46,3.46,0.6,0.24,0.03,4.4,,0.12,61.6,1.1,4.4,53.6,,,,325,,1.19,10.2,,30.8,1.9,,1.51,-0.001,18.1,,0.05,0.21,,1.1,-0.001,,0.11,4.4,15,1,6.3,0.79,4280,10.2,ICP-MS,ALS Chemex - Unknown ME-MS61,ICP-MS,ALS Chemex - Unknown ME-MS61,"Stéphanie Leroy, Serge Cohen, Catherine Verna, Bernard Gratuze, Florian Téreygeol, Philippe Fluzin, Loic Bertrand, Philippe Dillmann (2012), The medieval iron market in Ariège (France). Multidisciplinary analytical approach and multivariate analyses, Journal of Archaeological Science, 39",https://www.sciencedirect.com/science/article/pii/S0305440311004468#tbl5,dataset_sleroy12
Castel Minier,1547,1.373,42.7806,1400~/1600~,CM06-20141,Smelting Tap slag Slag,,0.02,0.7,1.97,12.05,0.29,0.31,,1.43,9.07,9.67,31.93,,,7.72,1379.69,,,,165.58,1.39,49.47,1.35,,,,5.81,,,,,,1.06,,,105.93,,,2.51,2.15,74.8,26.56,,,,,,,43.97,,0.57,3.11,,10.71,,297.55,,-0.001,0.64,,2.34,0.093,,,14.62,21.13,2.95,19.74,1.62,3.21,47.95,MEB-EDS,LPS - Cambridge Stereoscan 120,MEB-EDS,LPS - Cambridge Stereoscan 120,"Stéphanie Leroy, Serge Cohen, Catherine Verna, Bernard Gratuze, Florian Téreygeol, Philippe Fluzin, Loic Bertrand, Philippe Dillmann (2012), The medieval iron market in Ariège (France). Multidisciplinary analytical approach and multivariate analyses, Journal of Archaeological Science, 39",https://www.sciencedirect.com/science/article/pii/S0305440311004468#tbl5,dataset_sleroy12
Castel Minier,1548,1.373,42.7806,1400~/1600~,CM06-20181,Smelting Tap slag Slag,,,0.76,2.34,12.38,0.25,0.28,,1.35,8.13,8.11,33.41,,,6.11,763.84,,,,114.32,1.36,44.22,1.7,,,,6.74,,,,,,1.71,,,67.08,,,0.94,3.37,57.18,28.4,,,,,,,26.12,,0.17,0.84,,9.68,,235.47,,-0.001,1.96,,3.03,0.131,,,9.04,31.68,2.51,27.35,2.27,32.08,46.54,MEB-EDS,LPS - Cambridge Stereoscan 120,MEB-EDS,LPS - Cambridge Stereoscan 120,"Stéphanie Leroy, Serge Cohen, Catherine Verna, Bernard Gratuze, Florian Téreygeol, Philippe Fluzin, Loic Bertrand, Philippe Dillmann (2012), The medieval iron market in Ariège (France). Multidisciplinary analytical approach and multivariate analyses, Journal of Archaeological Science, 39",https://www.sciencedirect.com/science/article/pii/S0305440311004468#tbl5,dataset_sleroy12
Castel Minier,1549,1.373,42.7806,1400~/1600~,CM06-20182,Smelting Tap slag Slag,,0.09,1,2.61,10.31,0.69,0.12,,1.26,7.31,8.08,36.6,,,10.84,837.44,,,,124.12,1.45,25.65,0.68,,,,7.43,,,,,,1.64,,,74.14,,,0.48,3.78,61.05,5.92,,,,,,,30.17,,0.19,2.02,,10.03,,257.37,,1.37,2.08,,3.2,0.14,,,10.11,35.54,2.3,29.41,2.39,38.97,49.26,MEB-EDS,LPS - Cambridge Stereoscan 120,MEB-EDS,LPS - Cambridge Stereoscan 120,"Stéphanie Leroy, Serge Cohen, Catherine Verna, Bernard Gratuze, Florian Téreygeol, Philippe Fluzin, Loic Bertrand, Philippe Dillmann (2012), The medieval iron market in Ariège (France). Multidisciplinary analytical approach and multivariate analyses, Journal of Archaeological Science, 39",https://www.sciencedirect.com/science/article/pii/S0305440311004468#tbl5,dataset_sleroy12
Castel Minier,1550,1.373,42.7806,1400~/1600~,CM06-2018M1,Prepared Ore,,,0.37,0.61,3.43,0.39,0.34,,0.37,0.54,6.14,62.16,,,89.17,1194.69,,,,39.04,2.67,1.25,1.18,,,,5.41,,,,,,-0.001,,,25.4,,,4.75,0.1,25.24,17.66,,,,,,,2.33,,2.48,-0.001,,4.46,,107.08,,-0.001,-0.001,,-0.001,,,,3.82,6.15,0.15,10.13,0.28,730.16,1.36,MEB-EDS,LPS - Cambridge Stereoscan 120,MEB-EDS,LPS - Cambridge Stereoscan 120,"Stéphanie Leroy, Serge Cohen, Catherine Verna, Bernard Gratuze, Florian Téreygeol, Philippe Fluzin, Loic Bertrand, Philippe Dillmann (2012), The medieval iron market in Ariège (France). Multidisciplinary analytical approach and multivariate analyses, Journal of Archaeological Science, 39",https://www.sciencedirect.com/science/article/pii/S0305440311004468#tbl5,dataset_sleroy12
Castel Minier,1551,1.373,42.7806,1400~/1600~,CM06-2018M2,Prepared Ore,,0.02,0.23,0.71,4.08,0.44,0.61,,0.39,0.48,6.56,60.02,,,94,1104,,,,37.5,3.1,1.25,1.27,,,,5.02,,,,,,0.66,,,26.84,,,6.37,-0.001,17.8,19.3,,,,,,,4.8,,2.99,0.75,,4.37,,105,,0.08,0.45,,0.32,,,,3.65,6.15,0.71,10.14,0.56,,45,MEB-EDS,LPS - Cambridge Stereoscan 120,MEB-EDS,LPS - Cambridge Stereoscan 120,"Stéphanie Leroy, Serge Cohen, Catherine Verna, Bernard Gratuze, Florian Téreygeol, Philippe Fluzin, Loic Bertrand, Philippe Dillmann (2012), The medieval iron market in Ariège (France). Multidisciplinary analytical approach and multivariate analyses, Journal of Archaeological Science, 39",https://www.sciencedirect.com/science/article/pii/S0305440311004468#tbl5,dataset_sleroy12
Castel Minier,1552,1.373,42.7806,1400~/1600~,CM06-20201,Smelting Tap slag Slag,,0.02,1.15,2.68,13,0.41,0.33,,1.56,8.69,7.62,30.4,,,3.17,795.59,,,,103.08,0.92,53.87,1.24,,,,6.7,,,,,,1.95,,,62.01,,,1.05,4.41,52.73,15.24,,,,,,,48.8,,0.14,5,,8.77,,242.05,,0.26,0.84,,3.59,0.154,,,9.29,44.02,2.77,22.91,1.68,-0.001,88.64,MEB-EDS,LPS - Cambridge Stereoscan 120,MEB-EDS,LPS - Cambridge Stereoscan 120,"Stéphanie Leroy, Serge Cohen, Catherine Verna, Bernard Gratuze, Florian Téreygeol, Philippe Fluzin, Loic Bertrand, Philippe Dillmann (2012), The medieval iron market in Ariège (France). Multidisciplinary analytical approach and multivariate analyses, Journal of Archaeological Science, 39",https://www.sciencedirect.com/science/article/pii/S0305440311004468#tbl5,dataset_sleroy12
Castel Minier,1553,1.373,42.7806,1400~/1600~,CM06-20202 ,Smelting Tap slag Slag,,0.03,1.04,2.32,11.09,0.75,0.28,,1.36,7.78,8.96,33.92,,,7.69,779.04,,,,115.22,1.22,54.99,0.76,,,,6.93,,,,,,1.49,,,69.62,,,2.02,4.06,57.56,35.93,,,,,,,27.4,,0.09,2.29,,10.42,,241.47,,0.83,1.8,,2.97,0.138,,,9.19,37.9,2.6,26.92,1.99,30.46,48.57,MEB-EDS,LPS - Cambridge Stereoscan 120,MEB-EDS,LPS - Cambridge Stereoscan 120,"Stéphanie Leroy, Serge Cohen, Catherine Verna, Bernard Gratuze, Florian Téreygeol, Philippe Fluzin, Loic Bertrand, Philippe Dillmann (2012), The medieval iron market in Ariège (France). Multidisciplinary analytical approach and multivariate analyses, Journal of Archaeological Science, 39",https://www.sciencedirect.com/science/article/pii/S0305440311004468#tbl5,dataset_sleroy12
Castel Minier,1554,1.373,42.7806,1400~/1600~,CM06-2033M1,Prepared Ore,,0.1,0.21,1.32,4.44,0.09,0.12,,0.49,0.9,9.07,56.91,,,116.49,579.99,,,,60.65,10.16,8.23,0.77,,,,3.91,,,,,,0.17,,,33.3,,,4.28,-0.001,27.46,32.6,,,,,,,9.34,,4.49,0.79,,4.82,,69.36,,-0.001,-0.001,,1.07,,,,7.52,14.24,2.96,10.9,0.65,986.96,7.86,MEB-EDS,LPS - Cambridge Stereoscan 120,MEB-EDS,LPS - Cambridge Stereoscan 120,"Stéphanie Leroy, Serge Cohen, Catherine Verna, Bernard Gratuze, Florian Téreygeol, Philippe Fluzin, Loic Bertrand, Philippe Dillmann (2012), The medieval iron market in Ariège (France). Multidisciplinary analytical approach and multivariate analyses, Journal of Archaeological Science, 39",https://www.sciencedirect.com/science/article/pii/S0305440311004468#tbl5,dataset_sleroy12
Castel Minier,1555,1.373,42.7806,1400~/1600~,CM06-2033M2,Prepared Ore,,,,0.29,2.01,0.23,0.37,,0.23,0.26,1.79,70.37,,,132,583,,,,62.8,13.2,8.23,0.91,,,,4.05,,,,,,-0.001,,,35.36,,,6.77,-0.001,33,39,,,,,,,13.7,,6,1.86,,4.8,,64,,0.13,0.55,,1.43,,,,6.73,14.24,3.38,10.83,0.8,911.13,14,MEB-EDS,LPS - Cambridge Stereoscan 120,MEB-EDS,LPS - Cambridge Stereoscan 120,"Stéphanie Leroy, Serge Cohen, Catherine Verna, Bernard Gratuze, Florian Téreygeol, Philippe Fluzin, Loic Bertrand, Philippe Dillmann (2012), The medieval iron market in Ariège (France). Multidisciplinary analytical approach and multivariate analyses, Journal of Archaeological Science, 39",https://www.sciencedirect.com/science/article/pii/S0305440311004468#tbl5,dataset_sleroy12
Castel Minier,1556,1.373,42.7806,1400~/1600~,CM07-20261,Smelting Tap slag Slag,,0.08,0.82,4.68,12.61,0.89,0.04,,1.1,5.05,11.2,29.13,,,10.43,688.64,,,,80.54,2.66,25.55,1.51,,,,2.64,,,,,,1.69,,,47.57,,,1.81,5.25,35.52,17.24,,,,,,,50.6,,1.83,0,,6.89,,255.07,,1.05,1.26,,4.33,0.156,,,12.65,41.77,1.3,22.72,2.09,121.88,48.74,MEB-EDS,LPS - Cambridge Stereoscan 120,MEB-EDS,LPS - Cambridge Stereoscan 120,"Stéphanie Leroy, Serge Cohen, Catherine Verna, Bernard Gratuze, Florian Téreygeol, Philippe Fluzin, Loic Bertrand, Philippe Dillmann (2012), The medieval iron market in Ariège (France). Multidisciplinary analytical approach and multivariate analyses, Journal of Archaeological Science, 39",https://www.sciencedirect.com/science/article/pii/S0305440311004468#tbl5,dataset_sleroy12
Castel Minier,1557,1.373,42.7806,1400~/1600~,CM07-20881,Smelting Tap slag Slag,,0.07,0.69,1.92,7.53,0.78,0.27,,0.95,3.57,9.34,45.33,,,50.85,646.54,,,,51.18,2.65,15.15,0.56,,,,2.2,,,,,,1.07,,,32.13,,,2.35,3.2,23.38,15.22,,,,,,,23.11,,2.18,0,,4.9,,194.77,,0.83,0.87,,2.38,0.098,,,9.98,23.38,1.21,18.18,1.58,56.28,35.88,MEB-EDS,LPS - Cambridge Stereoscan 120,MEB-EDS,LPS - Cambridge Stereoscan 120,"Stéphanie Leroy, Serge Cohen, Catherine Verna, Bernard Gratuze, Florian Téreygeol, Philippe Fluzin, Loic Bertrand, Philippe Dillmann (2012), The medieval iron market in Ariège (France). Multidisciplinary analytical approach and multivariate analyses, Journal of Archaeological Science, 39",https://www.sciencedirect.com/science/article/pii/S0305440311004468#tbl5,dataset_sleroy12
Castel Minier,1558,1.373,42.7806,1400~/1600~,CM07-20991,Smelting Tap slag Slag,,0.09,1.08,3.1,9.68,0.68,0.22,,1.42,9.2,9.79,32.76,,,10.39,867.64,,,,124.32,1.68,24.7,0.74,,,,6.91,,,,,,2.02,,,74.82,,,-0.001,3.81,63.88,14.89,,,,,,,34.19,,0.42,0,,11.93,,243.97,,0.94,2.06,,2.89,0.133,,,11.19,30,1.24,29.83,2.42,55.09,46.6,MEB-EDS,LPS - Cambridge Stereoscan 120,MEB-EDS,LPS - Cambridge Stereoscan 120,"Stéphanie Leroy, Serge Cohen, Catherine Verna, Bernard Gratuze, Florian Téreygeol, Philippe Fluzin, Loic Bertrand, Philippe Dillmann (2012), The medieval iron market in Ariège (France). Multidisciplinary analytical approach and multivariate analyses, Journal of Archaeological Science, 39",https://www.sciencedirect.com/science/article/pii/S0305440311004468#tbl5,dataset_sleroy12
Castel Minier,1559,1.373,42.7806,1400~/1600~,XP07 min2,Ore,,0.1,1.04,0.18,2.13,0.11,0.23,,0.22,22.05,2.76,44.88,,,25.15,2388.69,,,,81.74,6.07,9.17,0.97,,,,2.94,,,,,,1.99,,,52.88,,,0.46,8.42,33.71,27.09,,,,,,,3.39,,1.69,0.98,,5.38,,194.55,,15.76,2.36,,2.29,0.051,,,1.74,3.08,10.93,9.67,1.3,208.5,1.39,MEB-EDS,LPS - Cambridge Stereoscan 120,MEB-EDS,LPS - Cambridge Stereoscan 120,"Stéphanie Leroy, Serge Cohen, Catherine Verna, Bernard Gratuze, Florian Téreygeol, Philippe Fluzin, Loic Bertrand, Philippe Dillmann (2012), The medieval iron market in Ariège (France). Multidisciplinary analytical approach and multivariate analyses, Journal of Archaeological Science, 39",https://www.sciencedirect.com/science/article/pii/S0305440311004468#tbl5,dataset_sleroy12
Castel Minier,1560,1.373,42.7806,1400~/1600~,XP07 sco1,Smelting Slag,,0.42,1.2,3.38,11.61,0.19,0.15,,1.31,25.58,2.83,18.73,,,1.78,3888.69,,,,84.41,2.84,44.32,1.18,,,,3.6,,,,,,2.57,,,50.35,,,0.69,9.78,39.24,11.47,,,,,,,41.3,,0.72,1.23,,5.38,,309.55,,0.94,2.63,,3.86,0.327,,,2.78,39.64,9.71,15.46,1.65,70.26,18.35,MEB-EDS,LPS - Cambridge Stereoscan 120,MEB-EDS,LPS - Cambridge Stereoscan 120,"Stéphanie Leroy, Serge Cohen, Catherine Verna, Bernard Gratuze, Florian Téreygeol, Philippe Fluzin, Loic Bertrand, Philippe Dillmann (2012), The medieval iron market in Ariège (France). Multidisciplinary analytical approach and multivariate analyses, Journal of Archaeological Science, 39",https://www.sciencedirect.com/science/article/pii/S0305440311004468#tbl5,dataset_sleroy12
Castel Minier,1561,1.373,42.7806,1400~/1600~,XP07 sco2,Smelting Slag,,0.21,1.02,4.81,13.55,0.11,0.13,,1.26,20.91,2.66,19.33,,,2.94,3037.69,,,,130.38,4.78,121.84,1.23,,,,4.2,,,,,,2.32,,,79.81,,,1.34,13.42,57.59,46.95,,,,,,,54.57,,1.41,1.19,,7.63,,302.35,,1.84,2.84,,3.75,0.357,,,2.4,44.35,7.53,15.83,1.49,40.12,25.1,MEB-EDS,LPS - Cambridge Stereoscan 120,MEB-EDS,LPS - Cambridge Stereoscan 120,"Stéphanie Leroy, Serge Cohen, Catherine Verna, Bernard Gratuze, Florian Téreygeol, Philippe Fluzin, Loic Bertrand, Philippe Dillmann (2012), The medieval iron market in Ariège (France). Multidisciplinary analytical approach and multivariate analyses, Journal of Archaeological Science, 39",https://www.sciencedirect.com/science/article/pii/S0305440311004468#tbl5,dataset_sleroy12
Cimetière 01,203,1.2284,42.9575,0000~/0100~,RIV 01,Smelting Slag,,,2.83,3.96,14.43,0.37,0.45,,1.48,0.82,1.82,38.59,,,655,141,1.04,0.01,-0.001,27.7,5.6,69,10.95,101,4.28,2.27,3.53,,,7.2,4.97,0.49,1.7,0.78,0.23,17,,0.31,0.58,5.1,19.4,16.7,,,,2.1,,4.65,51.7,,30.7,7.5,,4.49,-0.001,24.2,,0.37,0.71,,3.2,0.16,,0.31,1.7,28,5,20.9,2,192,63.2,ICP-MS,ALS Chemex - Unknown ME-MS61,ICP-MS,ALS Chemex - Unknown ME-MS61,"Stéphanie Leroy, Serge Cohen, Catherine Verna, Bernard Gratuze, Florian Téreygeol, Philippe Fluzin, Loic Bertrand, Philippe Dillmann (2012), The medieval iron market in Ariège (France). Multidisciplinary analytical approach and multivariate analyses, Journal of Archaeological Science, 39",https://www.sciencedirect.com/science/article/pii/S0305440311004468#tbl5,dataset_sleroy12
Cimetière 01,204,1.2284,42.9575,0000~/0100~,RIV 02,Smelting Slag,,,0.3,3.53,11.05,0.62,0.36,,1.58,0.73,2.64,47.03,,,298,274,1.59,0.04,0.04,30.4,3.8,32,7.96,71.1,6.17,3.58,5.04,,,5.4,7.53,0.5,1.8,1.28,0.81,21.2,,0.49,3.14,7.1,28.9,18.8,,,,3.7,,6.56,62,,32,9.1,,7.25,-0.001,23.7,,0.52,1.17,,5,0.21,,0.46,6.4,-0.001,3,42.5,3.2,529,68.1,ICP-MS,ALS Chemex - Unknown ME-MS61,ICP-MS,ALS Chemex - Unknown ME-MS61,"Stéphanie Leroy, Serge Cohen, Catherine Verna, Bernard Gratuze, Florian Téreygeol, Philippe Fluzin, Loic Bertrand, Philippe Dillmann (2012), The medieval iron market in Ariège (France). Multidisciplinary analytical approach and multivariate analyses, Journal of Archaeological Science, 39",https://www.sciencedirect.com/science/article/pii/S0305440311004468#tbl5,dataset_sleroy12
Cimetière 01,205,1.2284,42.9575,0000~/0100~,RIV 03,Smelting Slag,,,1.2,6.52,16.59,0.31,0.33,,2.71,0.6,1.49,32.89,,,37.4,446,1.88,0.05,-0.001,67.9,5.2,60,5.98,147.5,8.4,4.72,5.8,,,10.7,9.97,0.47,3.5,1.64,0.37,41.5,,0.56,1.94,12.4,40.4,15.8,,,,7.1,,9.76,40,,16.25,9.7,,8.6,1,35.4,,0.87,1.46,,4.9,0.33,,0.66,3.6,74,3,36,3.75,446,126,ICP-MS,ALS Chemex - Unknown ME-MS61,ICP-MS,ALS Chemex - Unknown ME-MS61,"Stéphanie Leroy, Serge Cohen, Catherine Verna, Bernard Gratuze, Florian Téreygeol, Philippe Fluzin, Loic Bertrand, Philippe Dillmann (2012), The medieval iron market in Ariège (France). Multidisciplinary analytical approach and multivariate analyses, Journal of Archaeological Science, 39",https://www.sciencedirect.com/science/article/pii/S0305440311004468#tbl5,dataset_sleroy12
Cimetière 01,206,1.2284,42.9575,0000~/0100~,RIV 04,Smelting Slag,,,0.92,4.02,14.22,0.41,0.44,,2.83,1.02,1.82,39.67,,,2.6,226,2.65,0.01,0.04,52.6,1.6,32,7.05,89.5,6.82,3.93,5.65,,,7.1,7.92,0.28,1.9,1.41,0.28,28.9,,0.52,0.12,7.9,31.5,1.7,,,,5.1,,7.49,35.3,,1.4,6.6,,7.38,1,41.6,,0.56,1.25,,3.2,0.2,,0.51,4.2,20,3,27.4,3.51,61,70.9,ICP-MS,ALS Chemex - Unknown ME-MS61,ICP-MS,ALS Chemex - Unknown ME-MS61,"Stéphanie Leroy, Serge Cohen, Catherine Verna, Bernard Gratuze, Florian Téreygeol, Philippe Fluzin, Loic Bertrand, Philippe Dillmann (2012), The medieval iron market in Ariège (France). Multidisciplinary analytical approach and multivariate analyses, Journal of Archaeological Science, 39",https://www.sciencedirect.com/science/article/pii/S0305440311004468#tbl5,dataset_sleroy12
Cimetière 01,207,1.2284,42.9575,0000~/0100~,RIV 06,Smelting Slag,,0.02,0.91,5.2,12,0.79,0.49,,1.53,0.88,2.98,41.1,,,2.4,506,5.7,0.05,0.06,56.9,1,39,2.28,16.1,14.2,8.71,7.57,,,8.1,15.4,0.5,2.6,2.97,0.03,51.7,,1.02,0.41,9.1,56.5,3.9,,,,4.7,,12.8,43.7,,0.44,9.9,,13.4,1,41,,0.65,2.41,,9.8,0.22,,1.2,6.8,37,13,102.5,7.02,62,97,ICP-MS,ALS Chemex - Unknown ME-MS61,ICP-MS,ALS Chemex - Unknown ME-MS61,"Stéphanie Leroy, Serge Cohen, Catherine Verna, Bernard Gratuze, Florian Téreygeol, Philippe Fluzin, Loic Bertrand, Philippe Dillmann (2012), The medieval iron market in Ariège (France). Multidisciplinary analytical approach and multivariate analyses, Journal of Archaeological Science, 39",https://www.sciencedirect.com/science/article/pii/S0305440311004468#tbl5,dataset_sleroy12
Cimetière 01,208,1.2284,42.9575,0000~/0100~,RIV 07,Smelting Slag,,0.03,1.66,4.39,11.26,0.63,0.4,,2.27,1.4,10.46,34.39,,,2,815,3.75,0.01,0.02,127,4.2,19,1.89,88.5,28.8,17.2,12.55,,,13.1,34,0.78,1.7,6.09,0.02,115,,1.67,1.99,5.6,126.5,15.2,,,,2.1,,29.2,42.5,,0.95,9,,26.1,-0.001,126,,0.44,4.75,,6.5,0.14,,1.96,13.7,32,3,232,11.6,38,68.8,ICP-MS,ALS Chemex - Unknown ME-MS61,ICP-MS,ALS Chemex - Unknown ME-MS61,"Stéphanie Leroy, Serge Cohen, Catherine Verna, Bernard Gratuze, Florian Téreygeol, Philippe Fluzin, Loic Bertrand, Philippe Dillmann (2012), The medieval iron market in Ariège (France). Multidisciplinary analytical approach and multivariate analyses, Journal of Archaeological Science, 39",https://www.sciencedirect.com/science/article/pii/S0305440311004468#tbl5,dataset_sleroy12
Farga Areny,176,1.534,42.5567,1753~/1876~,FA02UE9217/1,Smelting Tap slag Slag,,0.01,0.23,0.93,16.7,0.07,0.01,,0.43,0.63,3.32,41.4,,,40.9,55.5,0.42,0.47,0.04,30,6.8,3,0.76,32.7,3.02,1.84,2.22,,,3.2,3.31,0.49,0.9,0.62,3.48,14.2,,0.28,3.87,1.3,14.9,20.3,,,,3.5,,3.7,30.3,,0.27,3.4,,3.17,-0.001,212,,0.11,0.47,,1.7,0.05,,0.16,3.2,-0.001,3,19.5,1.88,24,0.8,ICP-MS,ALS Chemex - Unknown ME-MS61,ICP-MS,ALS Chemex - Unknown ME-MS61,"Stéphanie Leroy, Serge Cohen, Catherine Verna, Bernard Gratuze, Florian Téreygeol, Philippe Fluzin, Loic Bertrand, Philippe Dillmann (2012), The medieval iron market in Ariège (France). Multidisciplinary analytical approach and multivariate analyses, Journal of Archaeological Science, 39",https://www.sciencedirect.com/science/article/pii/S0305440311004468#tbl5,dataset_sleroy12
Farga Areny,177,1.534,42.5567,1753~/1876~,FA2002UE9217/2,Smelting Tap slag Slag,,0.01,0.24,0.92,21.78,0.04,0.02,,0.36,0.57,3.64,46.3,,,114.5,75.9,0.33,0.42,0.03,6.1,4,4,0.99,16.2,1.54,0.72,1.49,,,2.8,1.57,0.53,0.7,0.25,3.73,2.8,,0.08,1.3,1,4.7,4.1,,,,3.2,,1.02,20.6,,0.45,1.9,,1.39,-0.001,385,,0.07,0.26,,1.5,0.033,,-0.001,6.2,-0.001,3,8.3,0.57,23,6.7,ICP-MS,ALS Chemex - Unknown ME-MS61,ICP-MS,ALS Chemex - Unknown ME-MS61,"Stéphanie Leroy, Serge Cohen, Catherine Verna, Bernard Gratuze, Florian Téreygeol, Philippe Fluzin, Loic Bertrand, Philippe Dillmann (2012), The medieval iron market in Ariège (France). Multidisciplinary analytical approach and multivariate analyses, Journal of Archaeological Science, 39",https://www.sciencedirect.com/science/article/pii/S0305440311004468#tbl5,dataset_sleroy12
Farga Areny,178,1.534,42.5567,1753~/1876~,FA9101/1,Smelting Tap slag Slag,,0.03,0.41,2.52,14.79,0.07,0.08,,0.76,1.06,6.74,39.2,,,3.7,153.5,0.97,0.01,0.02,36,0.9,16,1.78,10.8,5.99,2.98,3.38,,,7.4,6.11,0.33,1.8,1.17,0.13,17.9,,0.29,0.43,4.5,19.4,1.8,,,,1.2,,4.59,43.7,,0.1,5.1,,4.97,-0.001,330,,0.34,1.08,,3.8,0.135,,0.44,11.5,11,2,32.4,2.13,3,62.6,ICP-MS,ALS Chemex - Unknown ME-MS61,ICP-MS,ALS Chemex - Unknown ME-MS61,"Stéphanie Leroy, Serge Cohen, Catherine Verna, Bernard Gratuze, Florian Téreygeol, Philippe Fluzin, Loic Bertrand, Philippe Dillmann (2012), The medieval iron market in Ariège (France). Multidisciplinary analytical approach and multivariate analyses, Journal of Archaeological Science, 39",https://www.sciencedirect.com/science/article/pii/S0305440311004468#tbl5,dataset_sleroy12
Farga Areny,179,1.534,42.5567,1753~/1876~,FA9245/1,Smelting Tap slag Slag,,0.05,0.35,2.11,9.64,0.06,0.06,,0.51,1.12,4.69,37.1,,,29.2,158.5,1.24,0.71,0.07,27.4,4.2,15,2.73,37.2,3.23,1.56,2.8,,,9.7,4.13,0.28,1.2,0.61,1.62,13.8,,0.17,4.35,3.3,14.2,7,,,,14.8,,3.42,34.4,,0.53,4.3,,3.39,-0.001,230,,0.24,0.63,,3.2,0.1,,0.16,8.2,9,1,18.6,1.27,23,31.9,ICP-MS,ALS Chemex - Unknown ME-MS61,ICP-MS,ALS Chemex - Unknown ME-MS61,"Stéphanie Leroy, Serge Cohen, Catherine Verna, Bernard Gratuze, Florian Téreygeol, Philippe Fluzin, Loic Bertrand, Philippe Dillmann (2012), The medieval iron market in Ariège (France). Multidisciplinary analytical approach and multivariate analyses, Journal of Archaeological Science, 39",https://www.sciencedirect.com/science/article/pii/S0305440311004468#tbl5,dataset_sleroy12
Farga Areny,180,1.534,42.5567,1753~/1876~,FA9245/M1,Prepared Ore,,0.01,0.16,0.85,0.3,0.05,0.02,,0.33,0.3,3.35,57.89,,,20.8,94.7,0.56,0.46,0.04,7.1,4.6,2,1.15,24.6,1.61,0.82,1.41,,,5.9,1.58,0.38,0.5,0.3,4.29,3.4,,0.09,2.38,1.6,4.6,5.9,,,,6.3,,0.99,20.6,,0.43,1.6,,1.44,-0.001,149.5,,0.11,0.26,,1.6,0.049,,0.03,3.1,-0.001,1,8.8,0.62,36,3.3,ICP-MS,ALS Chemex - Unknown ME-MS61,ICP-MS,ALS Chemex - Unknown ME-MS61,"Stéphanie Leroy, Serge Cohen, Catherine Verna, Bernard Gratuze, Florian Téreygeol, Philippe Fluzin, Loic Bertrand, Philippe Dillmann (2012), The medieval iron market in Ariège (France). Multidisciplinary analytical approach and multivariate analyses, Journal of Archaeological Science, 39",https://www.sciencedirect.com/science/article/pii/S0305440311004468#tbl5,dataset_sleroy12
Farga Areny,181,1.534,42.5567,1753~/1876~,FA9275/1,Smelting Slag block Slag,,0.01,0.57,2.54,18.85,0.06,0.46,,0.61,2.24,5.84,38.8,,,11.7,193.5,1.08,5.35,0.02,29.7,3.3,17,4.19,30.1,3.87,1.92,2.63,,,5.7,3.99,0.47,1.5,0.69,9.04,14.8,,0.21,3.79,4.6,15.1,5.3,,,,86.6,,3.8,55.3,,0.53,5,,3.7,-0.001,376,,0.34,0.65,,3.8,0.13,,0.55,11,5,4,24.9,1.36,184,62.9,ICP-MS,ALS Chemex - Unknown ME-MS61,ICP-MS,ALS Chemex - Unknown ME-MS61,"Stéphanie Leroy, Serge Cohen, Catherine Verna, Bernard Gratuze, Florian Téreygeol, Philippe Fluzin, Loic Bertrand, Philippe Dillmann (2012), The medieval iron market in Ariège (France). Multidisciplinary analytical approach and multivariate analyses, Journal of Archaeological Science, 39",https://www.sciencedirect.com/science/article/pii/S0305440311004468#tbl5,dataset_sleroy12
Farga Areny,182,1.534,42.5567,1753~/1876~,FA9275/2,Smelting Slag block Slag,,0.03,0.79,2.35,10.57,0.06,0.12,,0.75,2.49,7.25,37.9,,,5.1,190,0.89,6.58,-0.001,29.3,0.5,25,1.99,10.9,4.28,2.19,2.53,,,7.9,4.06,0.31,1.6,0.85,1.75,15.7,,0.24,1,4,16.7,1,,,,86.2,,3.72,45.2,,0.15,5.2,,3.78,1,489,,0.31,0.76,,3.5,0.131,,0.38,11.3,30,4,25.2,1.85,42,60.4,ICP-MS,ALS Chemex - Unknown ME-MS61,ICP-MS,ALS Chemex - Unknown ME-MS61,"Stéphanie Leroy, Serge Cohen, Catherine Verna, Bernard Gratuze, Florian Téreygeol, Philippe Fluzin, Loic Bertrand, Philippe Dillmann (2012), The medieval iron market in Ariège (France). Multidisciplinary analytical approach and multivariate analyses, Journal of Archaeological Science, 39",https://www.sciencedirect.com/science/article/pii/S0305440311004468#tbl5,dataset_sleroy12
Farga Rossell,118,1.5211,42.5461,1842~/1876~,FR1010/M2,Prepared Ore,,0.19,0.16,0.21,1.97,0.26,0.46,,0.31,0.84,4.98,66.34,,,6.6,7.5,0.08,0.06,0.06,10.8,3.6,-0.001,0.54,12.9,1.32,0.61,2.52,,,2.9,1.66,0.78,-0.001,0.2,4.77,6.5,,0.05,3.33,0.8,5.7,3.6,,,,6.2,,1.39,1,,0.18,1.2,,1.44,-0.001,416,,-0.001,0.21,,-0.001,0.005,,0.03,3.6,-0.001,3,8.5,0.43,22,1.2,ICP-MS,ALS Chemex - Unknown ME-MS61,ICP-MS,ALS Chemex - Unknown ME-MS61,"Stéphanie Leroy, Serge Cohen, Catherine Verna, Bernard Gratuze, Florian Téreygeol, Philippe Fluzin, Loic Bertrand, Philippe Dillmann (2012), The medieval iron market in Ariège (France). Multidisciplinary analytical approach and multivariate analyses, Journal of Archaeological Science, 39",https://www.sciencedirect.com/science/article/pii/S0305440311004468#tbl5,dataset_sleroy12
Farga Rossell,119,1.5211,42.5461,1842~/1876~,FR1010/M3,Prepared Ore,,0.02,0.36,2.39,6.17,0.39,0.5,,1.26,0.67,4.18,55.55,,,25.5,96.6,0.25,19.75,0.04,14.8,6.9,-0.001,1.2,53.8,2.53,1.4,1.39,,,4.3,2.58,1.02,0.8,0.46,4.28,7.1,,0.16,2.29,2,8.4,19.4,,,,6.1,,2,29.1,,0.38,2.9,,2.24,-0.001,169.5,,0.13,0.41,,1.8,0.054,,0.18,6,15,4,13,1.2,10,8.8,ICP-MS,ALS Chemex - Unknown ME-MS61,ICP-MS,ALS Chemex - Unknown ME-MS61,"Stéphanie Leroy, Serge Cohen, Catherine Verna, Bernard Gratuze, Florian Téreygeol, Philippe Fluzin, Loic Bertrand, Philippe Dillmann (2012), The medieval iron market in Ariège (France). Multidisciplinary analytical approach and multivariate analyses, Journal of Archaeological Science, 39",https://www.sciencedirect.com/science/article/pii/S0305440311004468#tbl5,dataset_sleroy12
Farga Rossell,120,1.5211,42.5461,1842~/1876~,FR641/1,Smelting Tap slag Slag,,0.05,0.52,2.76,4.88,0.06,0.03,,0.87,1.27,6.03,38.1,,,2.8,180.5,1.21,0.02,0.11,29.7,0.9,11,2.27,11,4.59,2.29,3.3,,,8.5,4.75,0.45,1.7,0.82,0.19,14.1,,0.22,0.55,5.2,16.1,3.1,,,,0.8,,3.85,55.8,,0.14,5.4,,4.27,-0.001,400,,0.37,0.77,,4.6,0.147,,0.25,12.9,24,5,30.4,1.77,-0.001,74.2,ICP-MS,ALS Chemex - Unknown ME-MS61,ICP-MS,ALS Chemex - Unknown ME-MS61,"Stéphanie Leroy, Serge Cohen, Catherine Verna, Bernard Gratuze, Florian Téreygeol, Philippe Fluzin, Loic Bertrand, Philippe Dillmann (2012), The medieval iron market in Ariège (France). Multidisciplinary analytical approach and multivariate analyses, Journal of Archaeological Science, 39",https://www.sciencedirect.com/science/article/pii/S0305440311004468#tbl5,dataset_sleroy12
Farga Rossell,121,1.5211,42.5461,1842~/1876~,FR641/2,Smelting Tap slag Slag,,0.19,0.42,3.39,13.61,0.34,0.33,,1.52,1.9,6.32,38.2,,,1.2,178.5,1.09,0.03,0.19,29.8,0.5,14,2.15,9.5,4.39,2.2,3.3,,,8.9,4.93,0.4,1.7,0.78,0.19,14.4,,0.22,0.69,5.2,16.3,2.7,,,,2,,3.87,53.9,,0.08,5.2,,4.48,-0.001,415,,0.38,0.76,,4.5,0.15,,0.26,12.3,20,7,29,1.68,-0.001,73.2,ICP-MS,ALS Chemex - Unknown ME-MS61,ICP-MS,ALS Chemex - Unknown ME-MS61,"Stéphanie Leroy, Serge Cohen, Catherine Verna, Bernard Gratuze, Florian Téreygeol, Philippe Fluzin, Loic Bertrand, Philippe Dillmann (2012), The medieval iron market in Ariège (France). Multidisciplinary analytical approach and multivariate analyses, Journal of Archaeological Science, 39",https://www.sciencedirect.com/science/article/pii/S0305440311004468#tbl5,dataset_sleroy12
Farga Rossell,122,1.5211,42.5461,1842~/1876~,FR803/1,Smelting Tap slag Slag,,0.1,0.72,2.71,8.11,0.07,0.03,,1.07,3.04,7.24,36.9,,,2.1,175,0.54,0.01,-0.001,25.6,1,8,2.29,9.4,4.31,2.11,2.33,,,11.3,4.17,0.44,1.7,0.79,1.2,12.2,,0.21,0.59,5,13.8,1.6,,,,2.3,,3.34,50.7,,0.13,5.3,,3.98,-0.001,539,,0.36,0.75,,4.5,0.143,,0.3,10.7,21,2,27.6,1.66,-0.001,67.3,ICP-MS,ALS Chemex - Unknown ME-MS61,ICP-MS,ALS Chemex - Unknown ME-MS61,"Stéphanie Leroy, Serge Cohen, Catherine Verna, Bernard Gratuze, Florian Téreygeol, Philippe Fluzin, Loic Bertrand, Philippe Dillmann (2012), The medieval iron market in Ariège (France). Multidisciplinary analytical approach and multivariate analyses, Journal of Archaeological Science, 39",https://www.sciencedirect.com/science/article/pii/S0305440311004468#tbl5,dataset_sleroy12
Farga Rossell,123,1.5211,42.5461,1842~/1876~,FRUE600/1,Smelting Slag block Slag,,0.05,0.81,2.63,8.6,0.06,0.03,,1.03,2.78,7.27,36,,,0.5,182,1.11,-0.001,-0.001,34.1,0.3,23,2.35,9.8,4.37,2.27,3.52,,,8.2,5.05,0.29,1.7,0.82,0.2,16.7,,0.26,0.5,4.5,18,0.4,,,,0.6,,4.32,47.7,,0.06,6,,4.56,-0.001,532,,0.34,0.81,,3.8,0.145,,0.26,6.5,13,1,24.3,1.83,14,64.2,ICP-MS,ALS Chemex - Unknown ME-MS61,ICP-MS,ALS Chemex - Unknown ME-MS61,"Stéphanie Leroy, Serge Cohen, Catherine Verna, Bernard Gratuze, Florian Téreygeol, Philippe Fluzin, Loic Bertrand, Philippe Dillmann (2012), The medieval iron market in Ariège (France). Multidisciplinary analytical approach and multivariate analyses, Journal of Archaeological Science, 39",https://www.sciencedirect.com/science/article/pii/S0305440311004468#tbl5,dataset_sleroy12
Farga Rossell,124,1.5211,42.5461,1842~/1876~,FRUE645/1,Smelting Slag block Slag,,0.12,0.7,3.1,9.68,0.07,0.05,,1.03,2.06,7.6,33.6,,,7.4,227,1.31,0.03,0.08,43.2,1.1,21,3.13,5.3,5.27,2.63,4.88,,,9.6,6.45,0.36,1.9,1.01,1.94,21.5,,0.29,0.98,5.5,22.7,2.8,,,,3.3,,5.42,54.9,,0.2,6.5,,5.73,-0.001,608,,0.41,1.03,,4.6,0.163,,0.31,11.1,28,1,28.3,2.01,7,66.5,ICP-MS,ALS Chemex - Unknown ME-MS61,ICP-MS,ALS Chemex - Unknown ME-MS61,"Stéphanie Leroy, Serge Cohen, Catherine Verna, Bernard Gratuze, Florian Téreygeol, Philippe Fluzin, Loic Bertrand, Philippe Dillmann (2012), The medieval iron market in Ariège (France). Multidisciplinary analytical approach and multivariate analyses, Journal of Archaeological Science, 39",https://www.sciencedirect.com/science/article/pii/S0305440311004468#tbl5,dataset_sleroy12
Lercoul 01,135,1.5406,42.768,0220~/0435~,LERC1,Smelting Tap slag Slag,,,0.28,2.05,8.63,0.09,0.13,,1.22,1.75,5.17,51.3,,,-0.001,516,0.75,0.01,-0.001,290,0.7,15,1,5.6,14.5,6.58,15.25,,,4.4,28.7,1.12,1.3,2.41,0.03,139,,0.9,2.02,4.3,156,1.8,,,,-0.001,,39.5,21.7,,0.13,5.7,,33.7,-0.001,72.4,,0.3,3.24,,3.7,0.095,,0.92,7,-0.001,-0.001,84.2,6.77,-0.001,40.8,ICP-MS,ALS Chemex - Unknown ME-MS61,ICP-MS,ALS Chemex - Unknown ME-MS61,"Stéphanie Leroy, Serge Cohen, Catherine Verna, Bernard Gratuze, Florian Téreygeol, Philippe Fluzin, Loic Bertrand, Philippe Dillmann (2012), The medieval iron market in Ariège (France). Multidisciplinary analytical approach and multivariate analyses, Journal of Archaeological Science, 39",https://www.sciencedirect.com/science/article/pii/S0305440311004468#tbl5,dataset_sleroy12
Najar 01,1591,1.8207,42.7246,1500~/1800~,SAV1,Smelting Tap slag Slag,,0.1,0.57,3,11.02,0.77,0.18,,1.15,1.92,4.97,44.02,,,40.08,1078.57,,,,220.13,2.46,7.77,1.14,,,,14.64,,,,,,0.78,,,121.45,,,0.65,1.97,110.68,4.72,,,,,,,43.68,,2.04,1.95,,26.09,,93.86,,0.3,2.21,,3.16,0.052,,,5.38,17.16,131.03,35.43,2.51,171.66,31.77,MEB-EDS,LPS - Cambridge Stereoscan 120,MEB-EDS,LPS - Cambridge Stereoscan 120,"Stéphanie Leroy, Serge Cohen, Catherine Verna, Bernard Gratuze, Florian Téreygeol, Philippe Fluzin, Loic Bertrand, Philippe Dillmann (2012), The medieval iron market in Ariège (France). Multidisciplinary analytical approach and multivariate analyses, Journal of Archaeological Science, 39",https://www.sciencedirect.com/science/article/pii/S0305440311004468#tbl5,dataset_sleroy12
Najar 01,248,1.8207,42.7246,1500~/1800~,SAV2,Smelting Tap slag Slag,,0.07,0.52,2.9,13.05,0.52,0.4,,1.83,4.98,6.48,35.38,,,14.6,1360,1.66,-0.001,0.03,409,0.9,2,2.29,24.9,17.45,6.55,7.61,,,6.5,41,0.95,2,2.5,0.05,217,,0.67,0.64,3.8,215,2,,,,7.2,,56.3,63.7,,0.57,3.7,,46.8,10,199.5,,0.32,4.62,,5.8,0.077,,0.77,7.8,26,26,80.7,5.99,63,59.5,ICP-MS,ALS Chemex - Unknown ME-MS61,ICP-MS,ALS Chemex - Unknown ME-MS61,"Stéphanie Leroy, Serge Cohen, Catherine Verna, Bernard Gratuze, Florian Téreygeol, Philippe Fluzin, Loic Bertrand, Philippe Dillmann (2012), The medieval iron market in Ariège (France). Multidisciplinary analytical approach and multivariate analyses, Journal of Archaeological Science, 39",https://www.sciencedirect.com/science/article/pii/S0305440311004468#tbl5,dataset_sleroy12
Najar 01,1592,1.8207,42.7246,1500~/1800~,SAV3,Smelting Tap slag Slag,,0.06,0.46,3.99,14.74,0.46,0.27,,2.25,6.14,6.07,30.23,,,34.48,1297.46,,,,336.45,1.58,5.78,1.87,,,,17.56,,,,,,1.67,,,168.98,,,0.56,2.96,174.7,,,,,,,,55.86,,2.79,-0.001,,38.87,,203.67,,0.67,5.48,,4.7,0.067,,,6.95,31.89,,64.87,4.88,,73.97,MEB-EDS,LPS - Cambridge Stereoscan 120,MEB-EDS,LPS - Cambridge Stereoscan 120,"Stéphanie Leroy, Serge Cohen, Catherine Verna, Bernard Gratuze, Florian Téreygeol, Philippe Fluzin, Loic Bertrand, Philippe Dillmann (2012), The medieval iron market in Ariège (France). Multidisciplinary analytical approach and multivariate analyses, Journal of Archaeological Science, 39",https://www.sciencedirect.com/science/article/pii/S0305440311004468#tbl5,dataset_sleroy12
Rancié 01,1606,1.5259,42.7694,0200?~/1900?~,2189 goethite Rancié,Ore,,0.04,0.42,1.23,4.99,0.06,0.03,,0.3,0.23,2.55,42.65,,,48.2,166,,,,5.22,2.83,5.7,0.23,,,,1.03,,,,,,0.33,,,3.96,,,1.76,1.31,3.15,15.7,,,,,,,11.1,,2,,,0.87,,69.3,,0.12,0.15,,0.78,0.048,,,4.71,13.6,2.42,6.16,0.49,,13.6,MEB-EDS,LPS - Cambridge Stereoscan 120,MEB-EDS,LPS - Cambridge Stereoscan 120,"Stéphanie Leroy, Serge Cohen, Catherine Verna, Bernard Gratuze, Florian Téreygeol, Philippe Fluzin, Loic Bertrand, Philippe Dillmann (2012), The medieval iron market in Ariège (France). Multidisciplinary analytical approach and multivariate analyses, Journal of Archaeological Science, 39",https://www.sciencedirect.com/science/article/pii/S0305440311004468#tbl5,dataset_sleroy12
Rancié 01,1607,1.5259,42.7694,0200?~/1900?~,2190 hématite Rancié,Ore,,0.05,0.63,0.06,0.8,0.03,0.01,,,7.04,5.42,39.82,,,1.47,766,,,,2.61,0.66,1.4,0.03,,,,0.75,,,,,,-0.001,,,0.87,,,0.1,-0.001,2.06,23.8,,,,,,,-0.001,,0.3,,,0.46,,162,,-0.001,0.07,,-0.001,,,,1.42,3.2,4.68,2.51,0.18,,-0.001,MEB-EDS,LPS - Cambridge Stereoscan 120,MEB-EDS,LPS - Cambridge Stereoscan 120,"Stéphanie Leroy, Serge Cohen, Catherine Verna, Bernard Gratuze, Florian Téreygeol, Philippe Fluzin, Loic Bertrand, Philippe Dillmann (2012), The medieval iron market in Ariège (France). Multidisciplinary analytical approach and multivariate analyses, Journal of Archaeological Science, 39",https://www.sciencedirect.com/science/article/pii/S0305440311004468#tbl5,dataset_sleroy12
Rancié 01,359,1.5259,42.7694,0200?~/1900?~,GPS 51a,Ore,,,0.6,0.28,1.09,0.37,0.43,,0.26,20.4,1.75,49.16,,,5.8,43.9,0.06,0.02,0.16,11.5,1.2,-0.001,0.31,0.7,0.21,0.13,0.57,,,4,0.62,0.43,-0.001,0.03,0.53,7.3,,-0.001,0.91,0.5,5.1,5.8,,,,3.7,,1.35,0.4,,3.52,0.3,,0.82,-0.001,24,,-0.001,0.04,,0.2,,,-0.001,1.2,-0.001,9,1.6,0.11,26,-0.001,ICP-MS,ALS Chemex - Unknown ME-MS61,ICP-MS,ALS Chemex - Unknown ME-MS61,"Stéphanie Leroy, Serge Cohen, Catherine Verna, Bernard Gratuze, Florian Téreygeol, Philippe Fluzin, Loic Bertrand, Philippe Dillmann (2012), The medieval iron market in Ariège (France). Multidisciplinary analytical approach and multivariate analyses, Journal of Archaeological Science, 39",https://www.sciencedirect.com/science/article/pii/S0305440311004468#tbl5,dataset_sleroy12
Rancié 01,360,1.5259,42.7694,0200?~/1900?~,GPS 51b,Ore,,,0.02,0.14,0.44,0.29,0.41,,0.3,2.95,2.02,70.09,,,4.8,41.7,0.05,0.01,0.07,15.5,0.9,-0.001,-0.001,0.5,0.16,0.04,0.36,,,2.6,0.39,1.43,-0.001,-0.001,0.48,4.4,,-0.001,0.84,0.6,2.7,3.5,,,,4.1,,0.77,0.2,,2.11,0.1,,0.47,1,2.9,,-0.001,0.03,,-0.001,,,-0.001,0.6,-0.001,4,1.1,-0.001,-0.001,0.7,ICP-MS,ALS Chemex - Unknown ME-MS61,ICP-MS,ALS Chemex - Unknown ME-MS61,"Stéphanie Leroy, Serge Cohen, Catherine Verna, Bernard Gratuze, Florian Téreygeol, Philippe Fluzin, Loic Bertrand, Philippe Dillmann (2012), The medieval iron market in Ariège (France). Multidisciplinary analytical approach and multivariate analyses, Journal of Archaeological Science, 39",https://www.sciencedirect.com/science/article/pii/S0305440311004468#tbl5,dataset_sleroy12
Rancié 01,361,1.5259,42.7694,0200?~/1900?~,GPS 52,Ore,,,0.42,0.2,1.36,0.29,0.39,,0.22,34.35,2.42,33.62,,,-0.001,197,-0.001,0.02,0.43,18.2,2,2,0.32,4.2,0.98,0.48,7.59,,,3,1.46,0.38,-0.001,0.14,1.11,7.7,,0.03,0.41,0.5,7.7,3.1,,,,7.7,,2.42,0.3,,0.72,0.4,,1.6,6,185,,-0.001,0.17,,-0.001,0.005,,0.04,0.6,-0.001,12,6.2,0.26,101,-0.001,ICP-MS,ALS Chemex - Unknown ME-MS61,ICP-MS,ALS Chemex - Unknown ME-MS61,"Stéphanie Leroy, Serge Cohen, Catherine Verna, Bernard Gratuze, Florian Téreygeol, Philippe Fluzin, Loic Bertrand, Philippe Dillmann (2012), The medieval iron market in Ariège (France). Multidisciplinary analytical approach and multivariate analyses, Journal of Archaeological Science, 39",https://www.sciencedirect.com/science/article/pii/S0305440311004468#tbl5,dataset_sleroy12
Rancié 01,1623,1.5259,42.7694,0200?~/1900?~,GPS 56,Ore,,,,,,,,,,,,,,,2.9,4.8,0.51,0.12,0.08,5.3,8.5,11,-0.001,441,0.15,0.11,5.84,,,1.1,0.33,0.82,0.3,-0.001,0.03,1.9,,0.02,3.11,0.5,2.4,9.5,,,,19.9,,0.69,0.1,,0.77,1.3,,0.37,3,1.6,,-0.001,0.03,,1.4,,,-0.001,4.5,8,-0.001,0.2,0.1,525,11.2,MEB-EDS,LPS - Cambridge Stereoscan 120,MEB-EDS,LPS - Cambridge Stereoscan 120,"Stéphanie Leroy, Serge Cohen, Catherine Verna, Bernard Gratuze, Florian Téreygeol, Philippe Fluzin, Loic Bertrand, Philippe Dillmann (2012), The medieval iron market in Ariège (France). Multidisciplinary analytical approach and multivariate analyses, Journal of Archaeological Science, 39",https://www.sciencedirect.com/science/article/pii/S0305440311004468#tbl5,dataset_sleroy12
Rancié 01,362,1.5259,42.7694,0200?~/1900?~,GPS 59,Ore,,,,,,,,,,,,,,,0.3,9.3,-0.001,0.02,0.06,11.6,0.7,-0.001,-0.001,1.3,1.34,0.62,1.19,,,2,2.06,0.74,0.4,0.21,0.22,8.2,,0.13,1.04,0.4,8.1,2.5,,,,3.1,,2,0.4,,1.12,0.4,,2.32,6,14.4,,-0.001,0.26,,0.5,,,0.12,1.3,-0.001,16,5.7,0.83,28,-0.001,ICP-MS,ALS Chemex - Unknown ME-MS61,ICP-MS,ALS Chemex - Unknown ME-MS61,"Stéphanie Leroy, Serge Cohen, Catherine Verna, Bernard Gratuze, Florian Téreygeol, Philippe Fluzin, Loic Bertrand, Philippe Dillmann (2012), The medieval iron market in Ariège (France). Multidisciplinary analytical approach and multivariate analyses, Journal of Archaeological Science, 39",https://www.sciencedirect.com/science/article/pii/S0305440311004468#tbl5,dataset_sleroy12
Rancié 01,1624,1.5259,42.7694,0200?~/1900?~,GPS45a,Ore,,0.1,0.4,1.22,3.35,0.63,0.03,,0.41,11.17,6.27,49.78,,,694.41,35.72,,,,19.34,1.15,0.38,0.03,,,,2.69,,,,,,-0.001,,,17.49,,,1.74,0.11,15.14,9.51,,,,,,,3.04,,2.09,0.21,,3.16,,70.32,,0.02,0.38,,0.15,0.005,,,1.96,2.92,0.18,17.9,1.11,367.86,1.39,MEB-EDS,LPS - Cambridge Stereoscan 120,MEB-EDS,LPS - Cambridge Stereoscan 120,"Stéphanie Leroy, Serge Cohen, Catherine Verna, Bernard Gratuze, Florian Téreygeol, Philippe Fluzin, Loic Bertrand, Philippe Dillmann (2012), The medieval iron market in Ariège (France). Multidisciplinary analytical approach and multivariate analyses, Journal of Archaeological Science, 39",https://www.sciencedirect.com/science/article/pii/S0305440311004468#tbl5,dataset_sleroy12
Rancié 01,363,1.5259,42.7694,0200?~/1900?~,GPS46a,Ore,,0.19,0.7,0.33,1.92,0.31,0.41,,0.29,24.28,1.91,43.42,,,-0.001,66.4,0.06,0.02,0.51,98.3,0.8,-0.001,0.28,0.3,8.95,3.66,8.36,,,2.2,13.85,1.08,-0.001,1.46,0.49,53.9,,0.31,5.02,0.6,56.8,17,,,,9.1,,13.35,1.7,,0.99,0.8,,13.95,1,39.4,,-0.001,1.86,,0.5,,,0.5,4.4,7,11,43.3,2.7,91,0.5,ICP-MS,ALS Chemex - Unknown ME-MS61,ICP-MS,ALS Chemex - Unknown ME-MS61,"Stéphanie Leroy, Serge Cohen, Catherine Verna, Bernard Gratuze, Florian Téreygeol, Philippe Fluzin, Loic Bertrand, Philippe Dillmann (2012), The medieval iron market in Ariège (France). Multidisciplinary analytical approach and multivariate analyses, Journal of Archaeological Science, 39",https://www.sciencedirect.com/science/article/pii/S0305440311004468#tbl5,dataset_sleroy12
Rancié 01,1625,1.5259,42.7694,0200?~/1900?~,GPS47,Ore,,0.2,1.19,0.22,2.62,0.17,0.32,,0.17,23.16,2.74,42.19,,,25.94,-0.001,,,,32.44,4.33,55.88,0.29,,,,1.99,,,,,,2.06,,,19.49,,,1.8,2.91,12.86,4.81,,,,,,,1.18,,2.07,0.93,,2.46,,103.05,,15.52,3.48,,3.36,0.052,,,1.2,2.93,24.02,4.11,1.5,258.8,2.31,MEB-EDS,LPS - Cambridge Stereoscan 120,MEB-EDS,LPS - Cambridge Stereoscan 120,"Stéphanie Leroy, Serge Cohen, Catherine Verna, Bernard Gratuze, Florian Téreygeol, Philippe Fluzin, Loic Bertrand, Philippe Dillmann (2012), The medieval iron market in Ariège (France). Multidisciplinary analytical approach and multivariate analyses, Journal of Archaeological Science, 39",https://www.sciencedirect.com/science/article/pii/S0305440311004468#tbl5,dataset_sleroy12
Rancié 01,364,1.5259,42.7694,0200?~/1900?~,GPS53,Ore,,0.01,0.08,0.11,0.35,0,0.01,,0.01,1.81,1.66,73.22,,,5.8,2.7,0.05,0.02,0.07,1.7,1,-0.001,0.06,17.6,0.12,0.03,0.15,,,0.8,0.25,2.51,-0.001,-0.001,0.27,1.4,,-0.001,0.39,1.1,0.8,3.1,,,,2.4,,0.19,0.8,,7.09,0.1,,0.21,-0.001,12.6,,-0.001,0.01,,-0.001,,,0.01,1.2,-0.001,2,1.9,-0.001,-0.001,0.7,ICP-MS,ALS Chemex - Unknown ME-MS61,ICP-MS,ALS Chemex - Unknown ME-MS61,"Stéphanie Leroy, Serge Cohen, Catherine Verna, Bernard Gratuze, Florian Téreygeol, Philippe Fluzin, Loic Bertrand, Philippe Dillmann (2012), The medieval iron market in Ariège (France). Multidisciplinary analytical approach and multivariate analyses, Journal of Archaeological Science, 39",https://www.sciencedirect.com/science/article/pii/S0305440311004468#tbl5,dataset_sleroy12
Rancié 01,1608,1.5259,42.7694,0200?~/1900?~,R1,Ore,,0.22,1,0.59,3.15,0.09,0.22,,0.28,28.41,6.69,31.72,,,347,294,,,,55.5,19.3,1,1.31,,,,2.96,,,,,,0.1,,,36.84,,,1.02,0.7,23.8,27.5,,,,,,,6,,4.79,0.57,,4.02,,155,,0.03,0.39,,0.33,0.008,,,1.79,5,7.8,11.3,0.49,,4,MEB-EDS,LPS - Cambridge Stereoscan 120,MEB-EDS,LPS - Cambridge Stereoscan 120,"Stéphanie Leroy, Serge Cohen, Catherine Verna, Bernard Gratuze, Florian Téreygeol, Philippe Fluzin, Loic Bertrand, Philippe Dillmann (2012), The medieval iron market in Ariège (France). Multidisciplinary analytical approach and multivariate analyses, Journal of Archaeological Science, 39",https://www.sciencedirect.com/science/article/pii/S0305440311004468#tbl5,dataset_sleroy12
Rancié 01,1609,1.5259,42.7694,0200?~/1900?~,R10,Ore,,0.2,0.63,0.13,4.1,0.12,0.21,,0.11,41.79,2.25,21.41,,,406,590,,,,174.7,3.6,1,1.87,,,,10.7,,,,,,0.24,,,70.56,,,9.77,0.7,71.3,14.9,,,,,,,8.3,,12,2.67,,16.41,,90,,0.05,1.55,,2.07,0.005,,,2.45,3,-0.001,34.6,3.1,,10,MEB-EDS,LPS - Cambridge Stereoscan 120,MEB-EDS,LPS - Cambridge Stereoscan 120,"Stéphanie Leroy, Serge Cohen, Catherine Verna, Bernard Gratuze, Florian Téreygeol, Philippe Fluzin, Loic Bertrand, Philippe Dillmann (2012), The medieval iron market in Ariège (France). Multidisciplinary analytical approach and multivariate analyses, Journal of Archaeological Science, 39",https://www.sciencedirect.com/science/article/pii/S0305440311004468#tbl5,dataset_sleroy12
Rancié 01,1610,1.5259,42.7694,0200?~/1900?~,R11,Ore,,,0.58,0.49,1.89,0.01,0.06,,0.3,37.39,3.48,28.65,,,55.7,164.9,,,,20.9,6.2,1,0.56,,,,2.56,,,,,,0.55,,,12.63,,,8.96,0.6,17.6,21,,,,,,,12.5,,23.1,1.74,,1.95,,86,,0.07,0.34,,1.34,0.012,,,3.32,10,3.1,8.9,0.58,,39,MEB-EDS,LPS - Cambridge Stereoscan 120,MEB-EDS,LPS - Cambridge Stereoscan 120,"Stéphanie Leroy, Serge Cohen, Catherine Verna, Bernard Gratuze, Florian Téreygeol, Philippe Fluzin, Loic Bertrand, Philippe Dillmann (2012), The medieval iron market in Ariège (France). Multidisciplinary analytical approach and multivariate analyses, Journal of Archaeological Science, 39",https://www.sciencedirect.com/science/article/pii/S0305440311004468#tbl5,dataset_sleroy12
Rancié 01,1611,1.5259,42.7694,0200?~/1900?~,R12,Ore,,0.17,0.26,0.12,0.68,0.07,0.24,,0.15,21.76,1.03,50.47,,,2.05,2325,,,,45.7,1.6,1,0.15,,,,2.15,,,,,,-0.001,,,28.32,,,0.41,0.3,10.3,9.3,,,,,,,0.6,,0.91,0.19,,2.96,,90,,-0.001,0.28,,0.15,0.01,,,1.19,6,15,7.2,0.35,,4,MEB-EDS,LPS - Cambridge Stereoscan 120,MEB-EDS,LPS - Cambridge Stereoscan 120,"Stéphanie Leroy, Serge Cohen, Catherine Verna, Bernard Gratuze, Florian Téreygeol, Philippe Fluzin, Loic Bertrand, Philippe Dillmann (2012), The medieval iron market in Ariège (France). Multidisciplinary analytical approach and multivariate analyses, Journal of Archaeological Science, 39",https://www.sciencedirect.com/science/article/pii/S0305440311004468#tbl5,dataset_sleroy12
Rancié 01,1612,1.5259,42.7694,0200?~/1900?~,R2,Ore,,0.14,0.03,0.1,1.69,0.03,0.23,,0.16,0.71,1.41,71.73,,,18.2,240,,,,47.5,7.3,1,0.64,,,,2.41,,,,,,0.06,,,25.37,,,0.31,0.3,17.7,39.9,,,,,,,3.1,,2.65,0.31,,3.37,,70,,-0.001,0.27,,0.28,0.005,,,2.41,2,22.2,6.6,0.43,,19,MEB-EDS,LPS - Cambridge Stereoscan 120,MEB-EDS,LPS - Cambridge Stereoscan 120,"Stéphanie Leroy, Serge Cohen, Catherine Verna, Bernard Gratuze, Florian Téreygeol, Philippe Fluzin, Loic Bertrand, Philippe Dillmann (2012), The medieval iron market in Ariège (France). Multidisciplinary analytical approach and multivariate analyses, Journal of Archaeological Science, 39",https://www.sciencedirect.com/science/article/pii/S0305440311004468#tbl5,dataset_sleroy12
Rancié 01,1613,1.5259,42.7694,0200?~/1900?~,R3,Ore,,0.04,0.87,0.13,12.37,0.05,0.2,,0.16,18.33,3.04,32.2,,,75.5,601,,,,42.7,3.4,1,1.02,,,,2.47,,,,,,0.14,,,23.68,,,1.78,0.6,26.3,17.1,,,,,,,5.9,,2.78,0.59,,3.45,,69,,0.03,0.35,,0.52,0.011,,,2.22,5,12.7,9.8,0.49,,19,MEB-EDS,LPS - Cambridge Stereoscan 120,MEB-EDS,LPS - Cambridge Stereoscan 120,"Stéphanie Leroy, Serge Cohen, Catherine Verna, Bernard Gratuze, Florian Téreygeol, Philippe Fluzin, Loic Bertrand, Philippe Dillmann (2012), The medieval iron market in Ariège (France). Multidisciplinary analytical approach and multivariate analyses, Journal of Archaeological Science, 39",https://www.sciencedirect.com/science/article/pii/S0305440311004468#tbl5,dataset_sleroy12
Rancié 01,1614,1.5259,42.7694,0200?~/1900?~,R5,Ore,,0.17,3.65,0.05,0.75,0.1,0.23,,0.12,45.67,2.43,18.82,,,12.5,472,,,,11.4,0.62,1,0.05,,,,1.19,,,,,,-0.001,,,60.01,,,0.59,0.4,-0.001,0,,,,,,,11.2,,13.73,0.89,,1.19,,8,,0.01,0.42,,0.23,0.005,,,1.05,2,28.2,5,0.13,,-0.001,MEB-EDS,LPS - Cambridge Stereoscan 120,MEB-EDS,LPS - Cambridge Stereoscan 120,"Stéphanie Leroy, Serge Cohen, Catherine Verna, Bernard Gratuze, Florian Téreygeol, Philippe Fluzin, Loic Bertrand, Philippe Dillmann (2012), The medieval iron market in Ariège (France). Multidisciplinary analytical approach and multivariate analyses, Journal of Archaeological Science, 39",https://www.sciencedirect.com/science/article/pii/S0305440311004468#tbl5,dataset_sleroy12
Rancié 01,1615,1.5259,42.7694,0200?~/1900?~,R6,Ore,,0.14,0.42,0.1,3.3,0.04,0.17,,0.19,1.56,8.46,60.57,,,109.1,74.2,,,,17.1,8,1,0.06,,,,0.71,,,,,,-0.001,,,10.57,,,2.08,0.5,-0.001,64,,,,,,,8.6,,3.14,1.14,,1.12,,18,,-0.001,0.42,,0.1,0.006,,,2.56,6,7.2,2.9,0.14,,5,MEB-EDS,LPS - Cambridge Stereoscan 120,MEB-EDS,LPS - Cambridge Stereoscan 120,"Stéphanie Leroy, Serge Cohen, Catherine Verna, Bernard Gratuze, Florian Téreygeol, Philippe Fluzin, Loic Bertrand, Philippe Dillmann (2012), The medieval iron market in Ariège (France). Multidisciplinary analytical approach and multivariate analyses, Journal of Archaeological Science, 39",https://www.sciencedirect.com/science/article/pii/S0305440311004468#tbl5,dataset_sleroy12
Rancié 01,1616,1.5259,42.7694,0200?~/1900?~,R7,Ore,,0.53,0.75,0.88,2.02,0.08,0.16,,0.36,27.97,6.15,34.25,,,6.24,334,,,,28.4,0.47,1,0.49,,,,2.14,,,,,,-0.001,,,17.71,,,1.83,0.7,15.4,5.1,,,,,,,9.8,,5.77,0.44,,2.31,,92,,0.04,0.24,,0.28,0.007,,,4.76,4,5.8,6.5,0.26,,11,MEB-EDS,LPS - Cambridge Stereoscan 120,MEB-EDS,LPS - Cambridge Stereoscan 120,"Stéphanie Leroy, Serge Cohen, Catherine Verna, Bernard Gratuze, Florian Téreygeol, Philippe Fluzin, Loic Bertrand, Philippe Dillmann (2012), The medieval iron market in Ariège (France). Multidisciplinary analytical approach and multivariate analyses, Journal of Archaeological Science, 39",https://www.sciencedirect.com/science/article/pii/S0305440311004468#tbl5,dataset_sleroy12
Rancié 01,1617,1.5259,42.7694,0200?~/1900?~,R8,Ore,,1.33,0.02,0.92,6.42,0.05,0.17,,0.51,0.29,5.63,57.28,,,4.5,147.7,,,,21.2,0.86,1,0.06,,,,1.44,,,,,,-0.001,,,10.56,,,1.77,0.1,5.1,3.1,,,,,,,0.5,,0.37,0.42,,2.4,,65,,-0.001,0.3,,-0.001,0.013,,,1.75,7,-0.001,12.8,0.65,,8,MEB-EDS,LPS - Cambridge Stereoscan 120,MEB-EDS,LPS - Cambridge Stereoscan 120,"Stéphanie Leroy, Serge Cohen, Catherine Verna, Bernard Gratuze, Florian Téreygeol, Philippe Fluzin, Loic Bertrand, Philippe Dillmann (2012), The medieval iron market in Ariège (France). Multidisciplinary analytical approach and multivariate analyses, Journal of Archaeological Science, 39",https://www.sciencedirect.com/science/article/pii/S0305440311004468#tbl5,dataset_sleroy12
Rancié 01,325,1.5259,42.7694,0200?~/1900?~,R9,Ore,,0.12,2.08,0.04,2.04,0.06,0.18,,0.11,25.73,4.03,38.83,,,29.7,863,,,,73.4,13.7,1,0.63,,,,3.01,,,,,,-0.001,,,43.14,,,0.62,0.5,24.4,36,,,,,,,3.6,,2.64,0.51,,4.13,,44,,0.07,0.41,,0.5,0.005,,,3.6,4,6.8,9.3,0.32,,-0.001,ICP-MS,ALS Chemex - Unknown ME-MS61,ICP-MS,ALS Chemex - Unknown ME-MS61,"Stéphanie Leroy, Serge Cohen, Catherine Verna, Bernard Gratuze, Florian Téreygeol, Philippe Fluzin, Loic Bertrand, Philippe Dillmann (2012), The medieval iron market in Ariège (France). Multidisciplinary analytical approach and multivariate analyses, Journal of Archaeological Science, 39",https://www.sciencedirect.com/science/article/pii/S0305440311004468#tbl5,dataset_sleroy12